ISO-10303-21;
HEADER;
FILE_DESCRIPTION(('Zoo Text-to-CAD'),'1');
FILE_NAME('dump.step', '2025-11-20T07:44:21.252740481+00:00', ('Author unknown'), ('Organization unknown'), 'zoo.dev beta', 'zoo.dev', 'Authorization unknown');
FILE_SCHEMA(('AP203_CONFIGURATION_CONTROLLED_3D_DESIGN_OF_MECHANICAL_PARTS_AND_ASSEMBLIES_MIM_LF'));
ENDSEC;
DATA;
#1 = (
  LENGTH_UNIT()
  NAMED_UNIT(*)
  SI_UNIT($, .METRE.)
);
#2 = (
  NAMED_UNIT(*)
  PLANE_ANGLE_UNIT()
  SI_UNIT($, .RADIAN.)
);
#3 = UNCERTAINTY_MEASURE_WITH_UNIT(LENGTH_MEASURE(0.00001), #1, 'DISTANCE_ACCURACY_VALUE', $);
#4 = (
  GEOMETRIC_REPRESENTATION_CONTEXT(3)
  GLOBAL_UNCERTAINTY_ASSIGNED_CONTEXT((#3))
  GLOBAL_UNIT_ASSIGNED_CONTEXT((#1, #2))
  REPRESENTATION_CONTEXT('', '3D')
);
#5 = CARTESIAN_POINT('NONE', (0.052, 0, 0.06));
#6 = VERTEX_POINT('NONE', #5);
#7 = CARTESIAN_POINT('NONE', (0.052, 0.012, 0.06));
#8 = VERTEX_POINT('NONE', #7);
#9 = CARTESIAN_POINT('NONE', (0.05999999999999999, 0.012, 0.052));
#10 = VERTEX_POINT('NONE', #9);
#11 = CARTESIAN_POINT('NONE', (0.05999999999999999, 0, 0.052));
#12 = VERTEX_POINT('NONE', #11);
#13 = CARTESIAN_POINT('NONE', (0.060000000000000005, 0, -0.052));
#14 = VERTEX_POINT('NONE', #13);
#15 = CARTESIAN_POINT('NONE', (0.060000000000000005, 0.012, -0.052));
#16 = VERTEX_POINT('NONE', #15);
#17 = CARTESIAN_POINT('NONE', (0.052000000000000005, 0.012, -0.05999999999999999));
#18 = VERTEX_POINT('NONE', #17);
#19 = CARTESIAN_POINT('NONE', (0.052000000000000005, 0, -0.05999999999999999));
#20 = VERTEX_POINT('NONE', #19);
#21 = CARTESIAN_POINT('NONE', (-0.05199999999999999, 0, -0.06000000000000001));
#22 = VERTEX_POINT('NONE', #21);
#23 = CARTESIAN_POINT('NONE', (-0.05199999999999999, 0.012, -0.06000000000000001));
#24 = VERTEX_POINT('NONE', #23);
#25 = CARTESIAN_POINT('NONE', (-0.06, 0.012, -0.05200000000000001));
#26 = VERTEX_POINT('NONE', #25);
#27 = CARTESIAN_POINT('NONE', (-0.06, 0, -0.05200000000000001));
#28 = VERTEX_POINT('NONE', #27);
#29 = CARTESIAN_POINT('NONE', (-0.052, 0, 0.06));
#30 = VERTEX_POINT('NONE', #29);
#31 = CARTESIAN_POINT('NONE', (-0.052, 0.012, 0.06));
#32 = VERTEX_POINT('NONE', #31);
#33 = CARTESIAN_POINT('NONE', (-0.05999999999999999, 0.012, 0.052));
#34 = VERTEX_POINT('NONE', #33);
#35 = CARTESIAN_POINT('NONE', (-0.05999999999999999, 0, 0.052));
#36 = VERTEX_POINT('NONE', #35);
#37 = CARTESIAN_POINT('NONE', (0.0475, 0.016, -0));
#38 = VERTEX_POINT('NONE', #37);
#39 = CARTESIAN_POINT('NONE', (0.0475, 0.013, 0.000000000000000000013221831231021263));
#40 = VERTEX_POINT('NONE', #39);
#41 = CARTESIAN_POINT('NONE', (0.0485, 0.011999999999999999, -0.000000000000000000052887324924085075));
#42 = VERTEX_POINT('NONE', #41);
#43 = CARTESIAN_POINT('NONE', (-0.039, 0, 0.045));
#44 = VERTEX_POINT('NONE', #43);
#45 = CARTESIAN_POINT('NONE', (-0.039, -0.16, 0.045));
#46 = VERTEX_POINT('NONE', #45);
#47 = CARTESIAN_POINT('NONE', (-0.045, -0.16, 0.039));
#48 = VERTEX_POINT('NONE', #47);
#49 = CARTESIAN_POINT('NONE', (-0.045, 0, 0.039));
#50 = VERTEX_POINT('NONE', #49);
#51 = CARTESIAN_POINT('NONE', (-0.045000000000000005, 0, -0.039));
#52 = VERTEX_POINT('NONE', #51);
#53 = CARTESIAN_POINT('NONE', (-0.045000000000000005, -0.16, -0.039));
#54 = VERTEX_POINT('NONE', #53);
#55 = CARTESIAN_POINT('NONE', (-0.03900000000000001, -0.16, -0.045000000000000005));
#56 = VERTEX_POINT('NONE', #55);
#57 = CARTESIAN_POINT('NONE', (-0.03900000000000001, 0, -0.045000000000000005));
#58 = VERTEX_POINT('NONE', #57);
#59 = CARTESIAN_POINT('NONE', (0.03899999999999999, 0, -0.04500000000000001));
#60 = VERTEX_POINT('NONE', #59);
#61 = CARTESIAN_POINT('NONE', (0.03899999999999999, -0.16, -0.04500000000000001));
#62 = VERTEX_POINT('NONE', #61);
#63 = CARTESIAN_POINT('NONE', (0.04499999999999998, -0.16, -0.039000000000000014));
#64 = VERTEX_POINT('NONE', #63);
#65 = CARTESIAN_POINT('NONE', (0.04499999999999998, 0, -0.039000000000000014));
#66 = VERTEX_POINT('NONE', #65);
#67 = CARTESIAN_POINT('NONE', (0.039, 0, 0.045));
#68 = VERTEX_POINT('NONE', #67);
#69 = CARTESIAN_POINT('NONE', (0.039, -0.16, 0.045));
#70 = VERTEX_POINT('NONE', #69);
#71 = CARTESIAN_POINT('NONE', (0.045, -0.16, 0.039));
#72 = VERTEX_POINT('NONE', #71);
#73 = CARTESIAN_POINT('NONE', (0.045, 0, 0.039));
#74 = VERTEX_POINT('NONE', #73);
#75 = CARTESIAN_POINT('NONE', (0.011, 0.052, -0));
#76 = VERTEX_POINT('NONE', #75);
#77 = CARTESIAN_POINT('NONE', (0.011, 0.01275, 0.000000000000000000042820703418648415));
#78 = VERTEX_POINT('NONE', #77);
#79 = CARTESIAN_POINT('NONE', (0.01175, 0.012000000000000002, 0.00000000000000000000000000000000008011868568650901));
#80 = VERTEX_POINT('NONE', #79);
#81 = CARTESIAN_POINT('NONE', (0.05525, -0.0010009999999999995, -0));
#82 = VERTEX_POINT('NONE', #81);
#83 = CARTESIAN_POINT('NONE', (0.05525, 0.012, -0));
#84 = VERTEX_POINT('NONE', #83);
#85 = CARTESIAN_POINT('NONE', (0.000000000000000003383086782644563, 0.012, -0.05525));
#86 = VERTEX_POINT('NONE', #85);
#87 = CARTESIAN_POINT('NONE', (0.000000000000000003383086782644563, 0, -0.05525));
#88 = VERTEX_POINT('NONE', #87);
#89 = CARTESIAN_POINT('NONE', (-0.05525, -0.0010009999999999995, -0.000000000000000006766173565289126));
#90 = VERTEX_POINT('NONE', #89);
#91 = CARTESIAN_POINT('NONE', (-0.05525, 0.012, -0.000000000000000006766173565289126));
#92 = VERTEX_POINT('NONE', #91);
#93 = CARTESIAN_POINT('NONE', (-0.00000000000000001014926034793369, 0.012, 0.05525));
#94 = VERTEX_POINT('NONE', #93);
#95 = CARTESIAN_POINT('NONE', (-0.00000000000000001014926034793369, 0, 0.05525));
#96 = VERTEX_POINT('NONE', #95);
#97 = CARTESIAN_POINT('NONE', (-0.035, -0.172, -0));
#98 = VERTEX_POINT('NONE', #97);
#99 = CARTESIAN_POINT('NONE', (-0.035, -0.161, -0));
#100 = VERTEX_POINT('NONE', #99);
#101 = CARTESIAN_POINT('NONE', (-0.036, -0.16, -0));
#102 = VERTEX_POINT('NONE', #101);
#103 = CARTESIAN_POINT('NONE', (-0.009, -0.172, -0.011));
#104 = VERTEX_POINT('NONE', #103);
#105 = CARTESIAN_POINT('NONE', (-0.009, -0.202, -0.011));
#106 = VERTEX_POINT('NONE', #105);
#107 = CARTESIAN_POINT('NONE', (-0.011000000000000001, -0.202, -0.013));
#108 = VERTEX_POINT('NONE', #107);
#109 = CARTESIAN_POINT('NONE', (-0.011000000000000001, -0.172, -0.013));
#110 = VERTEX_POINT('NONE', #109);
#111 = CARTESIAN_POINT('NONE', (-0.011000000000000001, -0.172, -0.027));
#112 = VERTEX_POINT('NONE', #111);
#113 = CARTESIAN_POINT('NONE', (-0.011000000000000001, -0.202, -0.027));
#114 = VERTEX_POINT('NONE', #113);
#115 = CARTESIAN_POINT('NONE', (-0.009000000000000001, -0.202, -0.029));
#116 = VERTEX_POINT('NONE', #115);
#117 = CARTESIAN_POINT('NONE', (-0.009000000000000001, -0.172, -0.029));
#118 = VERTEX_POINT('NONE', #117);
#119 = CARTESIAN_POINT('NONE', (0.008999999999999998, -0.172, -0.029000000000000005));
#120 = VERTEX_POINT('NONE', #119);
#121 = CARTESIAN_POINT('NONE', (0.008999999999999998, -0.202, -0.029000000000000005));
#122 = VERTEX_POINT('NONE', #121);
#123 = CARTESIAN_POINT('NONE', (0.010999999999999996, -0.202, -0.027000000000000007));
#124 = VERTEX_POINT('NONE', #123);
#125 = CARTESIAN_POINT('NONE', (0.010999999999999996, -0.172, -0.027000000000000007));
#126 = VERTEX_POINT('NONE', #125);
#127 = CARTESIAN_POINT('NONE', (0.009, -0.172, -0.011));
#128 = VERTEX_POINT('NONE', #127);
#129 = CARTESIAN_POINT('NONE', (0.009, -0.202, -0.011));
#130 = VERTEX_POINT('NONE', #129);
#131 = CARTESIAN_POINT('NONE', (0.011000000000000001, -0.202, -0.013));
#132 = VERTEX_POINT('NONE', #131);
#133 = CARTESIAN_POINT('NONE', (0.011000000000000001, -0.172, -0.013));
#134 = VERTEX_POINT('NONE', #133);
#135 = DIRECTION('NONE', (0, 1, 0));
#136 = VECTOR('NONE', #135, 1);
#137 = CARTESIAN_POINT('NONE', (0.052, 0, 0.06));
#138 = LINE('NONE', #137, #136);
#139 = DIRECTION('NONE', (-0.0000000000000008881784197001276, 0.0000000000000006661338147750957, 1));
#140 = DIRECTION('NONE', (-0.0000000000000005360630966617849, 1, -0.0000000000000006661338147750962));
#141 = CARTESIAN_POINT('NONE', (0.052000000000000005, 0.011999999999999995, 0.05200000000000002));
#142 = AXIS2_PLACEMENT_3D('NONE', #141, #140, #139);
#143 = CIRCLE('NONE', #142, 0.00799999999999998);
#144 = DIRECTION('NONE', (0, -1, 0));
#145 = VECTOR('NONE', #144, 1);
#146 = CARTESIAN_POINT('NONE', (0.05999999999999999, 0.012, 0.052));
#147 = LINE('NONE', #146, #145);
#148 = DIRECTION('NONE', (1, 0, -0.0000000000000026645352591003804));
#149 = DIRECTION('NONE', (0, -1, 0));
#150 = CARTESIAN_POINT('NONE', (0.052000000000000005, -0, 0.05200000000000002));
#151 = AXIS2_PLACEMENT_3D('NONE', #150, #149, #148);
#152 = CIRCLE('NONE', #151, 0.007999999999999986);
#153 = DIRECTION('NONE', (0, 1, 0));
#154 = VECTOR('NONE', #153, 1);
#155 = CARTESIAN_POINT('NONE', (0.060000000000000005, 0, -0.052));
#156 = LINE('NONE', #155, #154);
#157 = DIRECTION('NONE', (1, 0.0000000000000006661338147750957, 0.0000000000000008881784197001276));
#158 = DIRECTION('NONE', (-0.0000000000000006661338147750962, 1, 0.0000000000000005360630966617849));
#159 = CARTESIAN_POINT('NONE', (0.052000000000000025, 0.011999999999999995, -0.052000000000000005));
#160 = AXIS2_PLACEMENT_3D('NONE', #159, #158, #157);
#161 = CIRCLE('NONE', #160, 0.00799999999999998);
#162 = DIRECTION('NONE', (0, -1, 0));
#163 = VECTOR('NONE', #162, 1);
#164 = CARTESIAN_POINT('NONE', (0.052000000000000005, 0.012, -0.05999999999999999));
#165 = LINE('NONE', #164, #163);
#166 = DIRECTION('NONE', (-0.0000000000000026645352591003804, 0, -1));
#167 = DIRECTION('NONE', (0, -1, -0));
#168 = CARTESIAN_POINT('NONE', (0.052000000000000025, -0, -0.052000000000000005));
#169 = AXIS2_PLACEMENT_3D('NONE', #168, #167, #166);
#170 = CIRCLE('NONE', #169, 0.007999999999999986);
#171 = DIRECTION('NONE', (0.00000000000000006672013369141567, 0, -1));
#172 = VECTOR('NONE', #171, 1);
#173 = CARTESIAN_POINT('NONE', (0.06, 0, 0.052));
#174 = LINE('NONE', #173, #172);
#175 = DIRECTION('NONE', (-0.00000000000000006672013369141567, 0, 1));
#176 = VECTOR('NONE', #175, 1);
#177 = CARTESIAN_POINT('NONE', (0.060000000000000005, 0.012, -0.052));
#178 = LINE('NONE', #177, #176);
#179 = DIRECTION('NONE', (0, 1, 0));
#180 = VECTOR('NONE', #179, 1);
#181 = CARTESIAN_POINT('NONE', (-0.05199999999999999, 0, -0.06000000000000001));
#182 = LINE('NONE', #181, #180);
#183 = DIRECTION('NONE', (0.000000000000000888178419700126, -0.0000000000000006661338147750945, -1));
#184 = DIRECTION('NONE', (-0.0000000000000005360630966617844, 1, -0.000000000000000666133814775095));
#185 = CARTESIAN_POINT('NONE', (-0.052, 0.012000000000000005, -0.05200000000000002));
#186 = AXIS2_PLACEMENT_3D('NONE', #185, #184, #183);
#187 = CIRCLE('NONE', #186, 0.007999999999999993);
#188 = DIRECTION('NONE', (0, -1, 0));
#189 = VECTOR('NONE', #188, 1);
#190 = CARTESIAN_POINT('NONE', (-0.06, 0.012, -0.05200000000000001));
#191 = LINE('NONE', #190, #189);
#192 = DIRECTION('NONE', (-1, 0, 0.0000000000000008881784197001252));
#193 = DIRECTION('NONE', (-0, -1, 0));
#194 = CARTESIAN_POINT('NONE', (-0.052, -0, -0.05200000000000002));
#195 = AXIS2_PLACEMENT_3D('NONE', #194, #193, #192);
#196 = CIRCLE('NONE', #195, 0.008);
#197 = DIRECTION('NONE', (-1, 0, -0.00000000000000013344026738283133));
#198 = VECTOR('NONE', #197, 1);
#199 = CARTESIAN_POINT('NONE', (0.052000000000000005, 0, -0.06));
#200 = LINE('NONE', #199, #198);
#201 = DIRECTION('NONE', (1, 0, 0.00000000000000013344026738283133));
#202 = VECTOR('NONE', #201, 1);
#203 = CARTESIAN_POINT('NONE', (-0.05199999999999999, 0.012, -0.06000000000000001));
#204 = LINE('NONE', #203, #202);
#205 = DIRECTION('NONE', (0, 1, 0));
#206 = VECTOR('NONE', #205, 1);
#207 = CARTESIAN_POINT('NONE', (-0.052, 0, 0.06));
#208 = LINE('NONE', #207, #206);
#209 = DIRECTION('NONE', (0.0000000000000008881784197001276, -0.0000000000000006661338147750957, 1));
#210 = DIRECTION('NONE', (0.0000000000000005360630966617849, -1, -0.0000000000000006661338147750962));
#211 = CARTESIAN_POINT('NONE', (-0.052000000000000005, 0.012000000000000005, 0.05200000000000002));
#212 = AXIS2_PLACEMENT_3D('NONE', #211, #210, #209);
#213 = CIRCLE('NONE', #212, 0.00799999999999998);
#214 = DIRECTION('NONE', (0, -1, 0));
#215 = VECTOR('NONE', #214, 1);
#216 = CARTESIAN_POINT('NONE', (-0.05999999999999999, 0.012, 0.052));
#217 = LINE('NONE', #216, #215);
#218 = DIRECTION('NONE', (-1, 0, -0.0000000000000026645352591003804));
#219 = DIRECTION('NONE', (0, 1, 0));
#220 = CARTESIAN_POINT('NONE', (-0.052000000000000005, 0, 0.05200000000000002));
#221 = AXIS2_PLACEMENT_3D('NONE', #220, #219, #218);
#222 = CIRCLE('NONE', #221, 0.007999999999999986);
#223 = DIRECTION('NONE', (1, 0, 0));
#224 = VECTOR('NONE', #223, 1);
#225 = CARTESIAN_POINT('NONE', (-0.052, 0, 0.06));
#226 = LINE('NONE', #225, #224);
#227 = DIRECTION('NONE', (-1, -0.000000000000000016680033422853917, 0));
#228 = VECTOR('NONE', #227, 1);
#229 = CARTESIAN_POINT('NONE', (0.052, 0.012, 0.06));
#230 = LINE('NONE', #229, #228);
#231 = DIRECTION('NONE', (-0.00000000000000006672013369141565, 0, 1));
#232 = VECTOR('NONE', #231, 1);
#233 = CARTESIAN_POINT('NONE', (-0.05999999999999999, 0, -0.05199999999999995));
#234 = LINE('NONE', #233, #232);
#235 = DIRECTION('NONE', (0.00000000000000006672013369141565, 0, -1));
#236 = VECTOR('NONE', #235, 1);
#237 = CARTESIAN_POINT('NONE', (-0.06, 0.012, 0.05200000000000006));
#238 = LINE('NONE', #237, #236);
#239 = DIRECTION('NONE', (1, 0, -0));
#240 = DIRECTION('NONE', (0, 1, 0));
#241 = CARTESIAN_POINT('NONE', (0, 0.016, 0));
#242 = AXIS2_PLACEMENT_3D('NONE', #241, #240, #239);
#243 = CIRCLE('NONE', #242, 0.0475);
#244 = DIRECTION('NONE', (1, 0, 0.0000000000000000002783543417057108));
#245 = DIRECTION('NONE', (-0, 1, 0));
#246 = CARTESIAN_POINT('NONE', (0, 0.013, 0));
#247 = AXIS2_PLACEMENT_3D('NONE', #246, #245, #244);
#248 = CIRCLE('NONE', #247, 0.0475);
#249 = DIRECTION('NONE', (-1, 0.000000000000010658141036401579, 0.000000000000000052887324924084355));
#250 = DIRECTION('NONE', (0.000000000000000052887324924084213, -0.00000000000000001322183123102195, 1));
#251 = CARTESIAN_POINT('NONE', (0.048499999999999995, 0.012999999999999989, -0.000000000000000000039665493693062717));
#252 = AXIS2_PLACEMENT_3D('NONE', #251, #250, #249);
#253 = CIRCLE('NONE', #252, 0.0009999999999999929);
#254 = DIRECTION('NONE', (1, 0, -0.0000000000000000010904603077130943));
#255 = DIRECTION('NONE', (0, -1, 0));
#256 = CARTESIAN_POINT('NONE', (0, 0.011999999999999999, -0));
#257 = AXIS2_PLACEMENT_3D('NONE', #256, #255, #254);
#258 = CIRCLE('NONE', #257, 0.0485);
#259 = DIRECTION('NONE', (0, 1, 0));
#260 = VECTOR('NONE', #259, 1);
#261 = CARTESIAN_POINT('NONE', (0.0475, 0.013, -0));
#262 = LINE('NONE', #261, #260);
#263 = DIRECTION('NONE', (0, -1, 0));
#264 = VECTOR('NONE', #263, 1);
#265 = CARTESIAN_POINT('NONE', (-0.039, 0, 0.045));
#266 = LINE('NONE', #265, #264);
#267 = DIRECTION('NONE', (0, 0, 1));
#268 = DIRECTION('NONE', (-0, -1, 0));
#269 = CARTESIAN_POINT('NONE', (-0.039, -0.16, 0.039));
#270 = AXIS2_PLACEMENT_3D('NONE', #269, #268, #267);
#271 = CIRCLE('NONE', #270, 0.006);
#272 = DIRECTION('NONE', (0, 1, 0));
#273 = VECTOR('NONE', #272, 1);
#274 = CARTESIAN_POINT('NONE', (-0.045, -0.16, 0.039));
#275 = LINE('NONE', #274, #273);
#276 = DIRECTION('NONE', (-1, 0, -0));
#277 = DIRECTION('NONE', (0, 1, -0));
#278 = CARTESIAN_POINT('NONE', (-0.039, 0, 0.039));
#279 = AXIS2_PLACEMENT_3D('NONE', #278, #277, #276);
#280 = CIRCLE('NONE', #279, 0.006);
#281 = DIRECTION('NONE', (0, -1, 0));
#282 = VECTOR('NONE', #281, 1);
#283 = CARTESIAN_POINT('NONE', (-0.045000000000000005, 0, -0.039));
#284 = LINE('NONE', #283, #282);
#285 = DIRECTION('NONE', (-1, 0, -0));
#286 = DIRECTION('NONE', (0, -1, -0));
#287 = CARTESIAN_POINT('NONE', (-0.039, -0.16, -0.039));
#288 = AXIS2_PLACEMENT_3D('NONE', #287, #286, #285);
#289 = CIRCLE('NONE', #288, 0.006000000000000007);
#290 = DIRECTION('NONE', (0, 1, 0));
#291 = VECTOR('NONE', #290, 1);
#292 = CARTESIAN_POINT('NONE', (-0.03900000000000001, -0.16, -0.045000000000000005));
#293 = LINE('NONE', #292, #291);
#294 = DIRECTION('NONE', (-0.0000000000000011842378929334989, 0, -1));
#295 = DIRECTION('NONE', (0, 1, 0));
#296 = CARTESIAN_POINT('NONE', (-0.039, 0, -0.039));
#297 = AXIS2_PLACEMENT_3D('NONE', #296, #295, #294);
#298 = CIRCLE('NONE', #297, 0.006000000000000007);
#299 = DIRECTION('NONE', (-0.00000000000000008896017825522088, 0, -1));
#300 = VECTOR('NONE', #299, 1);
#301 = CARTESIAN_POINT('NONE', (-0.045, 0, 0.039));
#302 = LINE('NONE', #301, #300);
#303 = DIRECTION('NONE', (0.00000000000000008896017825522088, 0, 1));
#304 = VECTOR('NONE', #303, 1);
#305 = CARTESIAN_POINT('NONE', (-0.045000000000000005, -0.16, -0.039));
#306 = LINE('NONE', #305, #304);
#307 = DIRECTION('NONE', (0, -1, 0));
#308 = VECTOR('NONE', #307, 1);
#309 = CARTESIAN_POINT('NONE', (0.03899999999999999, 0, -0.04500000000000001));
#310 = LINE('NONE', #309, #308);
#311 = DIRECTION('NONE', (0, 0, -1));
#312 = DIRECTION('NONE', (0, -1, 0));
#313 = CARTESIAN_POINT('NONE', (0.03899999999999999, -0.16, -0.03900000000000003));
#314 = AXIS2_PLACEMENT_3D('NONE', #313, #312, #311);
#315 = CIRCLE('NONE', #314, 0.005999999999999985);
#316 = DIRECTION('NONE', (0, 1, 0));
#317 = VECTOR('NONE', #316, 1);
#318 = CARTESIAN_POINT('NONE', (0.04499999999999998, -0.16, -0.039000000000000014));
#319 = LINE('NONE', #318, #317);
#320 = DIRECTION('NONE', (1, 0, 0.0000000000000023684757858670064));
#321 = DIRECTION('NONE', (-0, 1, 0));
#322 = CARTESIAN_POINT('NONE', (0.03899999999999999, 0, -0.03900000000000003));
#323 = AXIS2_PLACEMENT_3D('NONE', #322, #321, #320);
#324 = CIRCLE('NONE', #323, 0.005999999999999985);
#325 = DIRECTION('NONE', (1, 0, -0.00000000000000017792035651044176));
#326 = VECTOR('NONE', #325, 1);
#327 = CARTESIAN_POINT('NONE', (-0.03900000000000001, 0, -0.045));
#328 = LINE('NONE', #327, #326);
#329 = DIRECTION('NONE', (-1, 0, 0.00000000000000017792035651044176));
#330 = VECTOR('NONE', #329, 1);
#331 = CARTESIAN_POINT('NONE', (0.03899999999999999, -0.16, -0.04500000000000001));
#332 = LINE('NONE', #331, #330);
#333 = DIRECTION('NONE', (0, -1, 0));
#334 = VECTOR('NONE', #333, 1);
#335 = CARTESIAN_POINT('NONE', (0.039, 0, 0.045));
#336 = LINE('NONE', #335, #334);
#337 = DIRECTION('NONE', (0, 0, 1));
#338 = DIRECTION('NONE', (-0, 1, 0));
#339 = CARTESIAN_POINT('NONE', (0.039, -0.16, 0.039));
#340 = AXIS2_PLACEMENT_3D('NONE', #339, #338, #337);
#341 = CIRCLE('NONE', #340, 0.006);
#342 = DIRECTION('NONE', (0, 1, 0));
#343 = VECTOR('NONE', #342, 1);
#344 = CARTESIAN_POINT('NONE', (0.045, -0.16, 0.039));
#345 = LINE('NONE', #344, #343);
#346 = DIRECTION('NONE', (1, 0, -0));
#347 = DIRECTION('NONE', (0, -1, 0));
#348 = CARTESIAN_POINT('NONE', (0.039, -0, 0.039));
#349 = AXIS2_PLACEMENT_3D('NONE', #348, #347, #346);
#350 = CIRCLE('NONE', #349, 0.006);
#351 = DIRECTION('NONE', (-1, 0, 0));
#352 = VECTOR('NONE', #351, 1);
#353 = CARTESIAN_POINT('NONE', (0.039, 0, 0.045));
#354 = LINE('NONE', #353, #352);
#355 = DIRECTION('NONE', (1, 0, 0));
#356 = VECTOR('NONE', #355, 1);
#357 = CARTESIAN_POINT('NONE', (-0.039, -0.16, 0.045));
#358 = LINE('NONE', #357, #356);
#359 = DIRECTION('NONE', (0.00000000000000008896017825522086, 0, 1));
#360 = VECTOR('NONE', #359, 1);
#361 = CARTESIAN_POINT('NONE', (0.04499999999999999, 0, -0.03899999999999996));
#362 = LINE('NONE', #361, #360);
#363 = DIRECTION('NONE', (-0.00000000000000008896017825522086, 0, -1));
#364 = VECTOR('NONE', #363, 1);
#365 = CARTESIAN_POINT('NONE', (0.045, -0.16, 0.039000000000000055));
#366 = LINE('NONE', #365, #364);
#367 = DIRECTION('NONE', (1, 0, -0));
#368 = DIRECTION('NONE', (0, 1, 0));
#369 = CARTESIAN_POINT('NONE', (0, 0.052, 0));
#370 = AXIS2_PLACEMENT_3D('NONE', #369, #368, #367);
#371 = CIRCLE('NONE', #370, 0.011);
#372 = DIRECTION('NONE', (1, 0, 0.000000000000000003892791219877128));
#373 = DIRECTION('NONE', (-0, 1, 0));
#374 = CARTESIAN_POINT('NONE', (0, 0.01275, 0));
#375 = AXIS2_PLACEMENT_3D('NONE', #374, #373, #372);
#376 = CIRCLE('NONE', #375, 0.011);
#377 = DIRECTION('NONE', (-1, 0, 0.000000000000000000000000000000032869204384208823));
#378 = DIRECTION('NONE', (0.000000000000000000000000000000032869204384208823, -0.00000000000000005709427122486459, 1));
#379 = CARTESIAN_POINT('NONE', (0.01175, 0.01275, 0.00000000000000000004282070341864839));
#380 = AXIS2_PLACEMENT_3D('NONE', #379, #378, #377);
#381 = CIRCLE('NONE', #380, 0.00075);
#382 = DIRECTION('NONE', (1, 0, 0.000000000000000000000000000000006818611547788));
#383 = DIRECTION('NONE', (0, -1, 0));
#384 = CARTESIAN_POINT('NONE', (-0.0000000000000000012560739669470202, 0.012000000000000002, -0));
#385 = AXIS2_PLACEMENT_3D('NONE', #384, #383, #382);
#386 = CIRCLE('NONE', #385, 0.011750000000000002);
#387 = DIRECTION('NONE', (-0.00000000000000004419677645800783, 1, 0));
#388 = VECTOR('NONE', #387, 1);
#389 = CARTESIAN_POINT('NONE', (0.011000000000000001, 0.012750000000000004, -0));
#390 = LINE('NONE', #389, #388);
#391 = DIRECTION('NONE', (1, 0, -0));
#392 = DIRECTION('NONE', (0, 1, 0));
#393 = CARTESIAN_POINT('NONE', (0.05, -0.0010009999999999995, 0));
#394 = AXIS2_PLACEMENT_3D('NONE', #393, #392, #391);
#395 = CIRCLE('NONE', #394, 0.00525);
#396 = DIRECTION('NONE', (0, 1, 0));
#397 = VECTOR('NONE', #396, 1);
#398 = CARTESIAN_POINT('NONE', (0.05525, -0.0010009999999999995, -0));
#399 = LINE('NONE', #398, #397);
#400 = DIRECTION('NONE', (1, 0, -0));
#401 = DIRECTION('NONE', (0, 1, 0));
#402 = CARTESIAN_POINT('NONE', (0.05, 0.012, 0));
#403 = AXIS2_PLACEMENT_3D('NONE', #402, #401, #400);
#404 = CIRCLE('NONE', #403, 0.00525);
#405 = CARTESIAN_POINT('NONE', (0.000000000000000003383086782644563, -0.000000000000000000006938893903907229, -0.055249999999999994));
#406 = CARTESIAN_POINT('NONE', (-0.00010940789738159323, 0, -0.055247480613634325));
#407 = CARTESIAN_POINT('NONE', (-0.00024166022321748178, 0.000000000000000000006938893903907229, -0.0552444351780258));
#408 = CARTESIAN_POINT('NONE', (-0.00035281561446040376, 0, -0.05523669871498426));
#409 = CARTESIAN_POINT('NONE', (-0.00048718031182590964, 0.000000000000000000006938893903907229, -0.05522734687425363));
#410 = CARTESIAN_POINT('NONE', (-0.0005997490286255392, -0.000000000000000000006938893903907229, -0.05521414161066391));
#411 = CARTESIAN_POINT('NONE', (-0.0007358221546923666, 0, -0.05519817908085744));
#412 = CARTESIAN_POINT('NONE', (-0.0008494354127190516, -0.000000000000000000006938893903907229, -0.05517927837518683));
#413 = CARTESIAN_POINT('NONE', (-0.0009867711807890216, 0.000000000000000000006938893903907229, -0.05515643119189659));
#414 = CARTESIAN_POINT('NONE', (-0.0011010274833934417, 0.000000000000000000006938893903907229, -0.05513163864442378));
#415 = CARTESIAN_POINT('NONE', (-0.0012391405640985774, 0, -0.05510166939955986));
#416 = CARTESIAN_POINT('NONE', (-0.0013536084560004879, 0, -0.055070823922392695));
#417 = CARTESIAN_POINT('NONE', (-0.0014919773059634631, 0, -0.055033537892823496));
#418 = CARTESIAN_POINT('NONE', (-0.001606198995356228, 0, -0.054996518535648575));
#419 = CARTESIAN_POINT('NONE', (-0.001744270235592297, 0, -0.05495176951656948));
#420 = CARTESIAN_POINT('NONE', (-0.0018577660720356989, 0, -0.054908499883152835));
#421 = CARTESIAN_POINT('NONE', (-0.001994959900831958, 0.000000000000000000006938893903907229, -0.05485619552675473));
#422 = CARTESIAN_POINT('NONE', (-0.002107233661612832, 0.000000000000000000006938893903907229, -0.05480664761388683));
#423 = CARTESIAN_POINT('NONE', (-0.00224295024468383, 0.000000000000000000006938893903907229, -0.05474675406987477));
#424 = CARTESIAN_POINT('NONE', (-0.002353495145647526, 0.000000000000000000006938893903907229, -0.05469095136517859));
#425 = CARTESIAN_POINT('NONE', (-0.002487121882031602, 0, -0.05462349702540399));
#426 = CARTESIAN_POINT('NONE', (-0.0025954271922854575, -0.000000000000000000006938893903907229, -0.054561516713980816));
#427 = CARTESIAN_POINT('NONE', (-0.0027263467102018966, 0, -0.05448659487983608));
#428 = CARTESIAN_POINT('NONE', (-0.0028319048159059384, -0.000000000000000000006938893903907229, -0.05441856903230907));
#429 = CARTESIAN_POINT('NONE', (-0.002959503511469009, 0.000000000000000000006938893903907229, -0.05433633935083528));
#430 = CARTESIAN_POINT('NONE', (-0.003061817244604089, 0, -0.05426245499648241));
#431 = CARTESIAN_POINT('NONE', (-0.0031854941408419545, 0, -0.0541731435487725));
#432 = CARTESIAN_POINT('NONE', (-0.00328408416671379, -0.000000000000000000006938893903907229, -0.054093641575913884));
#433 = CARTESIAN_POINT('NONE', (-0.0034032598435874035, 0, -0.053997539547900104));
#434 = CARTESIAN_POINT('NONE', (-0.003497671887873772, 0, -0.053912712417623444));
#435 = CARTESIAN_POINT('NONE', (-0.003611797218335458, -0.000000000000000000006938893903907229, -0.05381017333642765));
#436 = CARTESIAN_POINT('NONE', (-0.0037016089121352158, 0, -0.0537203616426279));
#437 = CARTESIAN_POINT('NONE', (-0.0038101733364276484, 0, -0.05361179721833546));
#438 = CARTESIAN_POINT('NONE', (-0.003895000466704312, 0.000000000000000000006938893903907229, -0.05351738517404908));
#439 = CARTESIAN_POINT('NONE', (-0.003997539547900106, 0.000000000000000000006938893903907229, -0.05340325984358741));
#440 = CARTESIAN_POINT('NONE', (-0.004077041520758725, 0.000000000000000000006938893903907229, -0.05330466981771557));
#441 = CARTESIAN_POINT('NONE', (-0.004173143548772499, 0.000000000000000000006938893903907229, -0.05318549414084196));
#442 = CARTESIAN_POINT('NONE', (-0.004247027903125361, 0, -0.05308318040770688));
#443 = CARTESIAN_POINT('NONE', (-0.004336339350835282, 0, -0.05295950351146902));
#444 = CARTESIAN_POINT('NONE', (-0.004404365198362292, 0.000000000000000000006938893903907229, -0.05285394540576497));
#445 = CARTESIAN_POINT('NONE', (-0.004486594879836071, 0, -0.052726346710201905));
#446 = CARTESIAN_POINT('NONE', (-0.004548575191259252, -0.000000000000000000006938893903907229, -0.05261804139994805));
#447 = CARTESIAN_POINT('NONE', (-0.0046234970254039895, 0.000000000000000000006938893903907229, -0.05248712188203161));
#448 = CARTESIAN_POINT('NONE', (-0.004679299730100169, -0.000000000000000000006938893903907229, -0.05237657698106791));
#449 = CARTESIAN_POINT('NONE', (-0.004746754069874771, 0, -0.05224295024468383));
#450 = CARTESIAN_POINT('NONE', (-0.004796301982742654, 0, -0.05213067648390296));
#451 = CARTESIAN_POINT('NONE', (-0.004856195526754715, 0, -0.05199495990083195));
#452 = CARTESIAN_POINT('NONE', (-0.004899465160171354, 0, -0.05188146406438855));
#453 = CARTESIAN_POINT('NONE', (-0.00495176951656948, 0, -0.0517442702355923));
#454 = CARTESIAN_POINT('NONE', (-0.004988788873744399, 0, -0.051630048546199535));
#455 = CARTESIAN_POINT('NONE', (-0.005033537892823492, -0.000000000000000000006938893903907229, -0.05149197730596346));
#456 = CARTESIAN_POINT('NONE', (-0.005064383369990651, 0.000000000000000000006938893903907229, -0.05137750941406156));
#457 = CARTESIAN_POINT('NONE', (-0.0051016693995598545, 0, -0.05123914056409858));
#458 = CARTESIAN_POINT('NONE', (-0.005126461947032672, 0.000000000000000000006938893903907229, -0.05112488426149417));
#459 = CARTESIAN_POINT('NONE', (-0.0051564311918966006, 0, -0.05098677118078902));
#460 = CARTESIAN_POINT('NONE', (-0.005175331897567201, 0, -0.05087315792276234));
#461 = CARTESIAN_POINT('NONE', (-0.005198179080857435, 0, -0.05073582215469237));
#462 = CARTESIAN_POINT('NONE', (-0.005211384344447159, 0.000000000000000000006938893903907229, -0.050623253437892736));
#463 = CARTESIAN_POINT('NONE', (-0.005227346874253629, 0, -0.05048718031182591));
#464 = CARTESIAN_POINT('NONE', (-0.005235083337295161, 0, -0.05037602492058298));
#465 = CARTESIAN_POINT('NONE', (-0.005244435178025794, 0, -0.05024166022321749));
#466 = CARTESIAN_POINT('NONE', (-0.005246954564391471, 0.000000000000000000006938893903907229, -0.050132252325835895));
#467 = CARTESIAN_POINT('NONE', (-0.005249999999999997, -0.000000000000000000006938893903907229, -0.05));
#468 = CARTESIAN_POINT('NONE', (-0.005247480613634321, 0, -0.049890592102618404));
#469 = CARTESIAN_POINT('NONE', (-0.005244435178025795, 0.000000000000000000006938893903907229, -0.04975833977678252));
#470 = CARTESIAN_POINT('NONE', (-0.0052366987149842625, 0, -0.04964718438553959));
#471 = CARTESIAN_POINT('NONE', (-0.005227346874253629, 0.000000000000000000006938893903907229, -0.04951281968817409));
#472 = CARTESIAN_POINT('NONE', (-0.005214141610663904, -0.000000000000000000006938893903907229, -0.049400250971374446));
#473 = CARTESIAN_POINT('NONE', (-0.005198179080857434, 0.000000000000000000006938893903907229, -0.04926417784530762));
#474 = CARTESIAN_POINT('NONE', (-0.0051792783751868346, 0, -0.04915056458728095));
#475 = CARTESIAN_POINT('NONE', (-0.005156431191896601, 0, -0.049013228819210976));
#476 = CARTESIAN_POINT('NONE', (-0.005131638644423784, 0, -0.04889897251660655));
#477 = CARTESIAN_POINT('NONE', (-0.005101669399559855, 0.000000000000000000006938893903907229, -0.04876085943590141));
#478 = CARTESIAN_POINT('NONE', (-0.0050708239223926956, 0, -0.04864639154399951));
#479 = CARTESIAN_POINT('NONE', (-0.005033537892823492, 0.000000000000000000006938893903907229, -0.048508022694036534));
#480 = CARTESIAN_POINT('NONE', (-0.0049965185356485725, 0.000000000000000000006938893903907229, -0.048393801004643765));
#481 = CARTESIAN_POINT('NONE', (-0.004951769516569481, 0, -0.04825572976440769));
#482 = CARTESIAN_POINT('NONE', (-0.004908499883152843, 0, -0.04814223392796429));
#483 = CARTESIAN_POINT('NONE', (-0.004856195526754716, 0.000000000000000000006938893903907229, -0.04800504009916804));
#484 = CARTESIAN_POINT('NONE', (-0.004806647613886831, 0.000000000000000000006938893903907229, -0.04789276633838716));
#485 = CARTESIAN_POINT('NONE', (-0.004746754069874771, 0.000000000000000000006938893903907229, -0.04775704975531616));
#486 = CARTESIAN_POINT('NONE', (-0.004690951365178592, 0, -0.04764650485435247));
#487 = CARTESIAN_POINT('NONE', (-0.0046234970254039895, 0.000000000000000000006938893903907229, -0.0475128781179684));
#488 = CARTESIAN_POINT('NONE', (-0.004561516713980809, -0.000000000000000000006938893903907229, -0.04740457280771455));
#489 = CARTESIAN_POINT('NONE', (-0.004486594879836071, 0, -0.04727365328979811));
#490 = CARTESIAN_POINT('NONE', (-0.004418569032309061, -0.000000000000000000006938893903907229, -0.04716809518409406));
#491 = CARTESIAN_POINT('NONE', (-0.004336339350835281, -0.000000000000000000006938893903907229, -0.04704049648853097));
#492 = CARTESIAN_POINT('NONE', (-0.00426245499648242, 0, -0.0469381827553959));
#493 = CARTESIAN_POINT('NONE', (-0.0041731435487725, -0.000000000000000000006938893903907229, -0.046814505859158036));
#494 = CARTESIAN_POINT('NONE', (-0.00409364157591388, 0, -0.0467159158332862));
#495 = CARTESIAN_POINT('NONE', (-0.003997539547900107, 0, -0.04659674015641259));
#496 = CARTESIAN_POINT('NONE', (-0.003912712417623444, 0, -0.04650232811212622));
#497 = CARTESIAN_POINT('NONE', (-0.0038101733364276492, -0.000000000000000000006938893903907229, -0.04638820278166454));
#498 = CARTESIAN_POINT('NONE', (-0.003720361642627892, 0, -0.046298391087864786));
#499 = CARTESIAN_POINT('NONE', (-0.0036117972183354594, 0, -0.046189826663572346));
#500 = CARTESIAN_POINT('NONE', (-0.003517385174049092, 0.000000000000000000006938893903907229, -0.04610499953329567));
#501 = CARTESIAN_POINT('NONE', (-0.0034032598435874053, 0.000000000000000000006938893903907229, -0.04600246045209988));
#502 = CARTESIAN_POINT('NONE', (-0.00330466981771557, 0.000000000000000000006938893903907229, -0.045922958479241265));
#503 = CARTESIAN_POINT('NONE', (-0.0031854941408419562, 0.000000000000000000006938893903907229, -0.04582685645122749));
#504 = CARTESIAN_POINT('NONE', (-0.0030831804077068765, 0, -0.045752972096874636));
#505 = CARTESIAN_POINT('NONE', (-0.0029595035114690113, 0, -0.04566366064916471));
#506 = CARTESIAN_POINT('NONE', (-0.0028539454057649695, 0.000000000000000000006938893903907229, -0.04559563480163771));
#507 = CARTESIAN_POINT('NONE', (-0.0027263467102018983, 0, -0.04551340512016393));
#508 = CARTESIAN_POINT('NONE', (-0.0026180413999480423, -0.000000000000000000006938893903907229, -0.04545142480874074));
#509 = CARTESIAN_POINT('NONE', (-0.0024871218820316033, 0.000000000000000000006938893903907229, -0.04537650297459601));
#510 = CARTESIAN_POINT('NONE', (-0.002376576981067908, -0.000000000000000000006938893903907229, -0.04532070026989983));
#511 = CARTESIAN_POINT('NONE', (-0.0022429502446838314, 0, -0.04525324593012523));
#512 = CARTESIAN_POINT('NONE', (-0.0021306764839029574, 0, -0.045203698017257335));
#513 = CARTESIAN_POINT('NONE', (-0.0019949599008319595, 0, -0.04514380447324527));
#514 = CARTESIAN_POINT('NONE', (-0.0018814640643885574, 0, -0.045100534839828635));
#515 = CARTESIAN_POINT('NONE', (-0.0017442702355922987, 0, -0.04504823048343051));
#516 = CARTESIAN_POINT('NONE', (-0.0016300485461995338, 0, -0.0450112111262556));
#517 = CARTESIAN_POINT('NONE', (-0.0014919773059634644, -0.000000000000000000006938893903907229, -0.044966462107176496));
#518 = CARTESIAN_POINT('NONE', (-0.0013775094140615536, 0, -0.04493561663000934));
#519 = CARTESIAN_POINT('NONE', (-0.0012391405640985783, 0, -0.04489833060044014));
#520 = CARTESIAN_POINT('NONE', (-0.0011248842614941577, 0.000000000000000000006938893903907229, -0.04487353805296732));
#521 = CARTESIAN_POINT('NONE', (-0.000986771180789022, -0.000000000000000000013877787807814457, -0.04484356880810338));
#522 = CARTESIAN_POINT('NONE', (-0.000873157922762337, 0, -0.04482466810243278));
#523 = CARTESIAN_POINT('NONE', (-0.000735822154692367, 0.000000000000000000006938893903907229, -0.04480182091914256));
#524 = CARTESIAN_POINT('NONE', (-0.0006232534378927374, 0.000000000000000000006938893903907229, -0.04478861565555283));
#525 = CARTESIAN_POINT('NONE', (-0.00048718031182591056, 0, -0.04477265312574636));
#526 = CARTESIAN_POINT('NONE', (-0.00037602492058298883, 0, -0.04476491666270483));
#527 = CARTESIAN_POINT('NONE', (-0.00024166022321748284, 0, -0.0447555648219742));
#528 = CARTESIAN_POINT('NONE', (-0.00013225232583588623, 0.000000000000000000006938893903907229, -0.04475304543560853));
#529 = CARTESIAN_POINT('NONE', (0.0000000000000000020972076435398427, -0.000000000000000000006938893903907229, -0.04475));
#530 = CARTESIAN_POINT('NONE', (0.00010940789738159859, 0, -0.04475251938636568));
#531 = CARTESIAN_POINT('NONE', (0.00024166022321748707, 0.000000000000000000006938893903907229, -0.0447555648219742));
#532 = CARTESIAN_POINT('NONE', (0.00035281561446040885, 0, -0.04476330128501573));
#533 = CARTESIAN_POINT('NONE', (0.0004871803118259145, 0.000000000000000000006938893903907229, -0.04477265312574636));
#534 = CARTESIAN_POINT('NONE', (0.000599749028625544, -0.000000000000000000006938893903907229, -0.044785858389336075));
#535 = CARTESIAN_POINT('NONE', (0.000735822154692371, 0.000000000000000000006938893903907229, -0.04480182091914255));
#536 = CARTESIAN_POINT('NONE', (0.000849435412719056, 0, -0.04482072162481316));
#537 = CARTESIAN_POINT('NONE', (0.000986771180789026, 0, -0.04484356880810338));
#538 = CARTESIAN_POINT('NONE', (0.0011010274833934462, 0.000000000000000000006938893903907229, -0.04486836135557621));
#539 = CARTESIAN_POINT('NONE', (0.001239140564098582, 0, -0.04489833060044014));
#540 = CARTESIAN_POINT('NONE', (0.0013536084560004922, 0, -0.0449291760776073));
#541 = CARTESIAN_POINT('NONE', (0.0014919773059634666, -0.000000000000000000006938893903907229, -0.044966462107176496));
#542 = CARTESIAN_POINT('NONE', (0.0016061989953562318, 0, -0.045003481464351416));
#543 = CARTESIAN_POINT('NONE', (0.0017442702355923007, -0.000000000000000000006938893903907229, -0.04504823048343051));
#544 = CARTESIAN_POINT('NONE', (0.0018577660720357023, 0, -0.04509150011684716));
#545 = CARTESIAN_POINT('NONE', (0.0019949599008319613, -0.000000000000000000013877787807814457, -0.04514380447324528));
#546 = CARTESIAN_POINT('NONE', (0.0021072336616128357, 0, -0.04519335238611316));
#547 = CARTESIAN_POINT('NONE', (0.0022429502446838336, 0.000000000000000000006938893903907229, -0.045253245930125224));
#548 = CARTESIAN_POINT('NONE', (0.0023534951456475306, 0, -0.04530904863482141));
#549 = CARTESIAN_POINT('NONE', (0.002487121882031609, 0.000000000000000000006938893903907229, -0.045376502974596014));
#550 = CARTESIAN_POINT('NONE', (0.0025954271922854636, -0.000000000000000000006938893903907229, -0.0454384832860192));
#551 = CARTESIAN_POINT('NONE', (0.0027263467102019018, 0, -0.045513405120163934));
#552 = CARTESIAN_POINT('NONE', (0.0028319048159059436, -0.000000000000000000006938893903907229, -0.045581430967690933));
#553 = CARTESIAN_POINT('NONE', (0.0029595035114690148, -0.000000000000000000006938893903907229, -0.04566366064916471));
#554 = CARTESIAN_POINT('NONE', (0.003061817244604095, 0, -0.04573754500351757));
#555 = CARTESIAN_POINT('NONE', (0.0031854941408419597, -0.000000000000000000006938893903907229, -0.04582685645122749));
#556 = CARTESIAN_POINT('NONE', (0.0032840841667137947, 0, -0.045906358424086115));
#557 = CARTESIAN_POINT('NONE', (0.0034032598435874083, 0, -0.04600246045209989));
#558 = CARTESIAN_POINT('NONE', (0.0034976718878737757, 0, -0.046087287582376554));
#559 = CARTESIAN_POINT('NONE', (0.003611797218335463, -0.000000000000000000006938893903907229, -0.04618982666357235));
#560 = CARTESIAN_POINT('NONE', (0.0037016089121352205, 0, -0.04627963835737211));
#561 = CARTESIAN_POINT('NONE', (0.0038101733364276527, 0, -0.04638820278166454));
#562 = CARTESIAN_POINT('NONE', (0.0038950004667043167, 0.000000000000000000006938893903907229, -0.046482614825950896));
#563 = CARTESIAN_POINT('NONE', (0.003997539547900111, 0.000000000000000000006938893903907229, -0.04659674015641259));
#564 = CARTESIAN_POINT('NONE', (0.00407704152075873, 0.000000000000000000006938893903907229, -0.046695330182284424));
#565 = CARTESIAN_POINT('NONE', (0.004173143548772504, 0.000000000000000000006938893903907229, -0.04681450585915804));
#566 = CARTESIAN_POINT('NONE', (0.004247027903125366, 0, -0.04691681959229312));
#567 = CARTESIAN_POINT('NONE', (0.004336339350835286, 0, -0.04704049648853098));
#568 = CARTESIAN_POINT('NONE', (0.004404365198362296, 0.000000000000000000006938893903907229, -0.047146054594235015));
#569 = CARTESIAN_POINT('NONE', (0.0044865948798360755, 0, -0.0472736532897981));
#570 = CARTESIAN_POINT('NONE', (0.004548575191259257, -0.000000000000000000006938893903907229, -0.04738195860005196));
#571 = CARTESIAN_POINT('NONE', (0.004623497025403994, 0.000000000000000000006938893903907229, -0.04751287811796839));
#572 = CARTESIAN_POINT('NONE', (0.0046792997301001735, 0.000000000000000000006938893903907229, -0.04762342301893209));
#573 = CARTESIAN_POINT('NONE', (0.004746754069874776, 0, -0.04775704975531617));
#574 = CARTESIAN_POINT('NONE', (0.00479630198274266, -0.000000000000000000006938893903907229, -0.04786932351609704));
#575 = CARTESIAN_POINT('NONE', (0.004856195526754721, 0, -0.04800504009916804));
#576 = CARTESIAN_POINT('NONE', (0.004899465160171359, 0, -0.04811853593561144));
#577 = CARTESIAN_POINT('NONE', (0.004951769516569485, 0, -0.0482557297644077));
#578 = CARTESIAN_POINT('NONE', (0.004988788873744405, 0, -0.04836995145380047));
#579 = CARTESIAN_POINT('NONE', (0.005033537892823498, -0.000000000000000000006938893903907229, -0.048508022694036534));
#580 = CARTESIAN_POINT('NONE', (0.0050643833699906575, 0.000000000000000000006938893903907229, -0.04862249058593845));
#581 = CARTESIAN_POINT('NONE', (0.005101669399559861, 0, -0.04876085943590142));
#582 = CARTESIAN_POINT('NONE', (0.005126461947032677, 0.000000000000000000006938893903907229, -0.04887511573850584));
#583 = CARTESIAN_POINT('NONE', (0.005156431191896606, -0.000000000000000000013877787807814457, -0.04901322881921097));
#584 = CARTESIAN_POINT('NONE', (0.0051753318975672055, 0, -0.04912684207723766));
#585 = CARTESIAN_POINT('NONE', (0.00519817908085744, 0.000000000000000000006938893903907229, -0.04926417784530763));
#586 = CARTESIAN_POINT('NONE', (0.005211384344447164, 0.000000000000000000006938893903907229, -0.049376746562107256));
#587 = CARTESIAN_POINT('NONE', (0.005227346874253633, 0, -0.04951281968817409));
#588 = CARTESIAN_POINT('NONE', (0.0052350833372951655, 0, -0.049623975079417));
#589 = CARTESIAN_POINT('NONE', (0.005244435178025799, 0, -0.04975833977678251));
#590 = CARTESIAN_POINT('NONE', (0.005246954564391475, 0.000000000000000000006938893903907229, -0.04986774767416411));
#591 = CARTESIAN_POINT('NONE', (0.005250000000000003, -0.000000000000000000006938893903907229, -0.05));
#592 = CARTESIAN_POINT('NONE', (0.005247480613634327, 0, -0.050109407897381594));
#593 = CARTESIAN_POINT('NONE', (0.005244435178025801, 0.000000000000000000006938893903907229, -0.05024166022321749));
#594 = CARTESIAN_POINT('NONE', (0.005236698714984267, 0, -0.0503528156144604));
#595 = CARTESIAN_POINT('NONE', (0.005227346874253634, 0.000000000000000000006938893903907229, -0.050487180311825905));
#596 = CARTESIAN_POINT('NONE', (0.00521414161066391, -0.000000000000000000006938893903907229, -0.05059974902862553));
#597 = CARTESIAN_POINT('NONE', (0.00519817908085744, 0.000000000000000000006938893903907229, -0.05073582215469236));
#598 = CARTESIAN_POINT('NONE', (0.005179278375186841, 0, -0.05084943541271905));
#599 = CARTESIAN_POINT('NONE', (0.005156431191896606, 0, -0.05098677118078902));
#600 = CARTESIAN_POINT('NONE', (0.00513163864442379, 0.000000000000000000006938893903907229, -0.051101027483393444));
#601 = CARTESIAN_POINT('NONE', (0.005101669399559863, 0, -0.05123914056409858));
#602 = CARTESIAN_POINT('NONE', (0.0050708239223927025, 0, -0.05135360845600049));
#603 = CARTESIAN_POINT('NONE', (0.005033537892823498, -0.000000000000000000006938893903907229, -0.051491977305963464));
#604 = CARTESIAN_POINT('NONE', (0.0049965185356485795, 0, -0.05160619899535623));
#605 = CARTESIAN_POINT('NONE', (0.004951769516569488, -0.000000000000000000006938893903907229, -0.0517442702355923));
#606 = CARTESIAN_POINT('NONE', (0.004908499883152849, 0, -0.0518577660720357));
#607 = CARTESIAN_POINT('NONE', (0.004856195526754722, -0.000000000000000000013877787807814457, -0.05199495990083196));
#608 = CARTESIAN_POINT('NONE', (0.004806647613886837, 0, -0.05210723366161283));
#609 = CARTESIAN_POINT('NONE', (0.004746754069874778, 0.000000000000000000006938893903907229, -0.05224295024468383));
#610 = CARTESIAN_POINT('NONE', (0.004690951365178598, 0.000000000000000000006938893903907229, -0.05235349514564752));
#611 = CARTESIAN_POINT('NONE', (0.0046234970254039965, 0, -0.0524871218820316));
#612 = CARTESIAN_POINT('NONE', (0.004561516713980815, 0, -0.052595427192285465));
#613 = CARTESIAN_POINT('NONE', (0.004486594879836078, 0, -0.052726346710201905));
#614 = CARTESIAN_POINT('NONE', (0.0044185690323090675, -0.000000000000000000006938893903907229, -0.052831904815905946));
#615 = CARTESIAN_POINT('NONE', (0.004336339350835287, -0.000000000000000000006938893903907229, -0.05295950351146901));
#616 = CARTESIAN_POINT('NONE', (0.004262454996482427, 0, -0.053061817244604084));
#617 = CARTESIAN_POINT('NONE', (0.0041731435487725056, -0.000000000000000000006938893903907229, -0.053185494140841956));
#618 = CARTESIAN_POINT('NONE', (0.0040936415759138855, 0, -0.0532840841667138));
#619 = CARTESIAN_POINT('NONE', (0.003997539547900113, 0, -0.05340325984358741));
#620 = CARTESIAN_POINT('NONE', (0.003912712417623449, 0, -0.05349767188787377));
#621 = CARTESIAN_POINT('NONE', (0.003810173336427655, -0.000000000000000000006938893903907229, -0.053611797218335464));
#622 = CARTESIAN_POINT('NONE', (0.0037203616426278977, 0, -0.05370160891213522));
#623 = CARTESIAN_POINT('NONE', (0.003611797218335465, 0, -0.05381017333642765));
#624 = CARTESIAN_POINT('NONE', (0.0035173851740490972, 0.000000000000000000006938893903907229, -0.05389500046670431));
#625 = CARTESIAN_POINT('NONE', (0.0034032598435874105, 0.000000000000000000006938893903907229, -0.053997539547900104));
#626 = CARTESIAN_POINT('NONE', (0.003304669817715575, 0.000000000000000000006938893903907229, -0.05407704152075873));
#627 = CARTESIAN_POINT('NONE', (0.003185494140841961, 0.000000000000000000006938893903907229, -0.05417314354877249));
#628 = CARTESIAN_POINT('NONE', (0.0030831804077068817, 0, -0.05424702790312536));
#629 = CARTESIAN_POINT('NONE', (0.002959503511469018, 0, -0.054336339350835296));
#630 = CARTESIAN_POINT('NONE', (0.0028539454057649755, 0.000000000000000000006938893903907229, -0.0544043651983623));
#631 = CARTESIAN_POINT('NONE', (0.002726346710201904, 0, -0.05448659487983607));
#632 = CARTESIAN_POINT('NONE', (0.002618041399948049, -0.000000000000000000006938893903907229, -0.05454857519125925));
#633 = CARTESIAN_POINT('NONE', (0.00248712188203161, 0.000000000000000000006938893903907229, -0.05462349702540399));
#634 = CARTESIAN_POINT('NONE', (0.0023765769810679144, 0.000000000000000000006938893903907229, -0.05467929973010017));
#635 = CARTESIAN_POINT('NONE', (0.002242950244683839, 0, -0.054746754069874774));
#636 = CARTESIAN_POINT('NONE', (0.0021306764839029656, 0, -0.054796301982742664));
#637 = CARTESIAN_POINT('NONE', (0.0019949599008319673, -0.000000000000000000013877787807814457, -0.05485619552675472));
#638 = CARTESIAN_POINT('NONE', (0.001881464064388564, 0.000000000000000000006938893903907229, -0.05489946516017136));
#639 = CARTESIAN_POINT('NONE', (0.0017442702355923026, 0, -0.054951769516569486));
#640 = CARTESIAN_POINT('NONE', (0.0016300485461995372, 0, -0.0549887888737444));
#641 = CARTESIAN_POINT('NONE', (0.0014919773059634686, -0.000000000000000000006938893903907229, -0.055033537892823496));
#642 = CARTESIAN_POINT('NONE', (0.0013775094140615588, 0.000000000000000000006938893903907229, -0.055064383369990665));
#643 = CARTESIAN_POINT('NONE', (0.001239140564098584, 0, -0.05510166939955987));
#644 = CARTESIAN_POINT('NONE', (0.0011248842614941636, 0.000000000000000000006938893903907229, -0.055126461947032676));
#645 = CARTESIAN_POINT('NONE', (0.0009867711807890274, -0.000000000000000000013877787807814457, -0.0551564311918966));
#646 = CARTESIAN_POINT('NONE', (0.0008731579227623424, 0, -0.055175331897567195));
#647 = CARTESIAN_POINT('NONE', (0.0007358221546923726, 0.000000000000000000006938893903907229, -0.05519817908085744));
#648 = CARTESIAN_POINT('NONE', (0.000623253437892743, 0.000000000000000000006938893903907229, -0.055211384344447154));
#649 = CARTESIAN_POINT('NONE', (0.00048718031182591603, 0, -0.055227346874253624));
#650 = CARTESIAN_POINT('NONE', (0.0003760249205829943, 0, -0.05523508333729516));
#651 = CARTESIAN_POINT('NONE', (0.00024166022321748837, 0, -0.0552444351780258));
#652 = CARTESIAN_POINT('NONE', (0.00013225232583589174, 0.000000000000000000006938893903907229, -0.05524695456439147));
#653 = CARTESIAN_POINT('NONE', (0.000000000000000003383086782644563, -0.000000000000000000006938893903907229, -0.055249999999999994));
#654 = B_SPLINE_CURVE_WITH_KNOTS('NONE', 2, (#405, #406, #407, #408, #409, #410, #411, #412, #413, #414, #415, #416, #417, #418, #419, #420, #421, #422, #423, #424, #425, #426, #427, #428, #429, #430, #431, #432, #433, #434, #435, #436, #437, #438, #439, #440, #441, #442, #443, #444, #445, #446, #447, #448, #449, #450, #451, #452, #453, #454, #455, #456, #457, #458, #459, #460, #461, #462, #463, #464, #465, #466, #467, #468, #469, #470, #471, #472, #473, #474, #475, #476, #477, #478, #479, #480, #481, #482, #483, #484, #485, #486, #487, #488, #489, #490, #491, #492, #493, #494, #495, #496, #497, #498, #499, #500, #501, #502, #503, #504, #505, #506, #507, #508, #509, #510, #511, #512, #513, #514, #515, #516, #517, #518, #519, #520, #521, #522, #523, #524, #525, #526, #527, #528, #529, #530, #531, #532, #533, #534, #535, #536, #537, #538, #539, #540, #541, #542, #543, #544, #545, #546, #547, #548, #549, #550, #551, #552, #553, #554, #555, #556, #557, #558, #559, #560, #561, #562, #563, #564, #565, #566, #567, #568, #569, #570, #571, #572, #573, #574, #575, #576, #577, #578, #579, #580, #581, #582, #583, #584, #585, #586, #587, #588, #589, #590, #591, #592, #593, #594, #595, #596, #597, #598, #599, #600, #601, #602, #603, #604, #605, #606, #607, #608, #609, #610, #611, #612, #613, #614, #615, #616, #617, #618, #619, #620, #621, #622, #623, #624, #625, #626, #627, #628, #629, #630, #631, #632, #633, #634, #635, #636, #637, #638, #639, #640, #641, #642, #643, #644, #645, #646, #647, #648, #649, #650, #651, #652, #653), .UNSPECIFIED., .F., .F., (3, 1, 1, 1, 1, 1, 1, 1, 1, 1, 1, 1, 1, 1, 1, 1, 1, 1, 1, 1, 1, 1, 1, 1, 1, 1, 1, 1, 1, 1, 1, 1, 1, 1, 1, 1, 1, 1, 1, 1, 1, 1, 1, 1, 1, 1, 1, 1, 1, 1, 1, 1, 1, 1, 1, 1, 1, 1, 1, 1, 1, 1, 1, 1, 1, 1, 1, 1, 1, 1, 1, 1, 1, 1, 1, 1, 1, 1, 1, 1, 1, 1, 1, 1, 1, 1, 1, 1, 1, 1, 1, 1, 1, 1, 1, 1, 1, 1, 1, 1, 1, 1, 1, 1, 1, 1, 1, 1, 1, 1, 1, 1, 1, 1, 1, 1, 1, 1, 1, 1, 1, 1, 1, 1, 1, 1, 1, 1, 1, 1, 1, 1, 1, 1, 1, 1, 1, 1, 1, 1, 1, 1, 1, 1, 1, 1, 1, 1, 1, 1, 1, 1, 1, 1, 1, 1, 1, 1, 1, 1, 1, 1, 1, 1, 1, 1, 1, 1, 1, 1, 1, 1, 1, 1, 1, 1, 1, 1, 1, 1, 1, 1, 1, 1, 1, 1, 1, 1, 1, 1, 1, 1, 1, 1, 1, 1, 1, 1, 1, 1, 1, 1, 1, 1, 1, 1, 1, 1, 1, 1, 1, 1, 1, 1, 1, 1, 1, 1, 1, 1, 1, 1, 1, 1, 1, 1, 1, 1, 1, 1, 1, 1, 1, 1, 1, 1, 1, 1, 1, 1, 1, 1, 1, 1, 1, 1, 1, 3), (0, 0.004048582995951417, 0.008097165991902834, 0.012145748987854251, 0.016194331983805668, 0.020242914979757085, 0.024291497975708502, 0.02834008097165992, 0.032388663967611336, 0.03643724696356275, 0.04048582995951417, 0.04453441295546559, 0.048582995951417005, 0.05263157894736842, 0.05668016194331984, 0.06072874493927126, 0.06477732793522267, 0.06882591093117409, 0.0728744939271255, 0.07692307692307693, 0.08097165991902834, 0.08502024291497975, 0.08906882591093118, 0.0931174089068826, 0.09716599190283401, 0.10121457489878542, 0.10526315789473684, 0.10931174089068826, 0.11336032388663968, 0.11740890688259109, 0.12145748987854252, 0.12550607287449392, 0.12955465587044535, 0.13360323886639677, 0.13765182186234817, 0.1417004048582996, 0.145748987854251, 0.14979757085020243, 0.15384615384615385, 0.15789473684210525, 0.16194331983805668, 0.1659919028340081, 0.1700404858299595, 0.17408906882591094, 0.17813765182186236, 0.18218623481781376, 0.1862348178137652, 0.1902834008097166, 0.19433198380566802, 0.19838056680161945, 0.20242914979757085, 0.20647773279352227, 0.21052631578947367, 0.2145748987854251, 0.21862348178137653, 0.22267206477732793, 0.22672064777327935, 0.23076923076923078, 0.23481781376518218, 0.2388663967611336, 0.24291497975708504, 0.24696356275303644, 0.25101214574898784, 0.2550607287449393, 0.2591093117408907, 0.2631578947368421, 0.26720647773279355, 0.27125506072874495, 0.27530364372469635, 0.2793522267206478, 0.2834008097165992, 0.2874493927125506, 0.291497975708502, 0.29554655870445345, 0.29959514170040485, 0.30364372469635625, 0.3076923076923077, 0.3117408906882591, 0.3157894736842105, 0.31983805668016196, 0.32388663967611336, 0.32793522267206476, 0.3319838056680162, 0.3360323886639676, 0.340080971659919, 0.3441295546558705, 0.3481781376518219, 0.3522267206477733, 0.35627530364372473, 0.3603238866396761, 0.3643724696356275, 0.3684210526315789, 0.3724696356275304, 0.3765182186234818, 0.3805668016194332, 0.38461538461538464, 0.38866396761133604, 0.39271255060728744, 0.3967611336032389, 0.4008097165991903, 0.4048582995951417, 0.40890688259109315, 0.41295546558704455, 0.41700404858299595, 0.42105263157894735, 0.4251012145748988, 0.4291497975708502, 0.4331983805668016, 0.43724696356275305, 0.44129554655870445, 0.44534412955465585, 0.4493927125506073, 0.4534412955465587, 0.4574898785425101, 0.46153846153846156, 0.46558704453441296, 0.46963562753036436, 0.4736842105263158, 0.4777327935222672, 0.4817813765182186, 0.4858299595141701, 0.4898785425101215, 0.4939271255060729, 0.4979757085020243, 0.5020242914979758, 0.5060728744939271, 0.5101214574898785, 0.5141700404858299, 0.5182186234817814, 0.5222672064777327, 0.5263157894736842, 0.5303643724696356, 0.534412955465587, 0.5384615384615384, 0.5425101214574899, 0.5465587044534412, 0.5506072874493927, 0.5546558704453441, 0.5587044534412955, 0.562753036437247, 0.5668016194331984, 0.5708502024291497, 0.5748987854251012, 0.5789473684210527, 0.582995951417004, 0.5870445344129555, 0.5910931174089069, 0.5951417004048583, 0.5991902834008097, 0.6032388663967612, 0.6072874493927125, 0.611336032388664, 0.6153846153846154, 0.6194331983805668, 0.6234817813765182, 0.6275303643724697, 0.631578947368421, 0.6356275303643725, 0.6396761133603239, 0.6437246963562753, 0.6477732793522267, 0.6518218623481782, 0.6558704453441295, 0.659919028340081, 0.6639676113360324, 0.6680161943319838, 0.6720647773279352, 0.6761133603238867, 0.680161943319838, 0.6842105263157895, 0.688259109311741, 0.6923076923076923, 0.6963562753036437, 0.7004048582995952, 0.7044534412955465, 0.708502024291498, 0.7125506072874495, 0.7165991902834008, 0.7206477732793521, 0.7246963562753037, 0.728744939271255, 0.7327935222672064, 0.736842105263158, 0.7408906882591093, 0.7449392712550607, 0.7489878542510122, 0.7530364372469636, 0.7570850202429149, 0.7611336032388664, 0.7651821862348178, 0.7692307692307692, 0.7732793522267206, 0.7773279352226721, 0.7813765182186234, 0.7854251012145749, 0.7894736842105263, 0.7935222672064777, 0.7975708502024291, 0.8016194331983806, 0.8056680161943319, 0.8097165991902834, 0.8137651821862348, 0.8178137651821862, 0.8218623481781376, 0.8259109311740891, 0.8299595141700404, 0.8340080971659919, 0.8380566801619433, 0.8421052631578947, 0.8461538461538461, 0.8502024291497976, 0.854251012145749, 0.8582995951417004, 0.8623481781376519, 0.8663967611336032, 0.8704453441295547, 0.8744939271255061, 0.8785425101214575, 0.8825910931174089, 0.8866396761133604, 0.8906882591093117, 0.8947368421052632, 0.8987854251012146, 0.902834008097166, 0.9068825910931174, 0.9109311740890689, 0.9149797570850202, 0.9190283400809717, 0.9230769230769231, 0.9271255060728745, 0.9311740890688259, 0.9352226720647774, 0.9392712550607287, 0.9433198380566802, 0.9473684210526316, 0.951417004048583, 0.9554655870445344, 0.9595141700404858, 0.9635627530364372, 0.9676113360323887, 0.97165991902834, 0.9757085020242915, 0.979757085020243, 0.9838056680161943, 0.9878542510121457, 0.9919028340080972, 0.9959514170040485, 1), .UNSPECIFIED.);
#655 = DIRECTION('NONE', (0, 1, 0));
#656 = VECTOR('NONE', #655, 1);
#657 = CARTESIAN_POINT('NONE', (0.000000000000000003383086782644563, -0.0010009999999999995, -0.05525));
#658 = LINE('NONE', #657, #656);
#659 = DIRECTION('NONE', (-0.000000000000000709017252372654, 0, -1));
#660 = DIRECTION('NONE', (0, 1, 0));
#661 = CARTESIAN_POINT('NONE', (0.000000000000000007105427357601002, 0.012, -0.049999999999999996));
#662 = AXIS2_PLACEMENT_3D('NONE', #661, #660, #659);
#663 = CIRCLE('NONE', #662, 0.005250000000000007);
#664 = DIRECTION('NONE', (-1, 0, 0.0000000000000027714492395264494));
#665 = DIRECTION('NONE', (0, 1, -0));
#666 = CARTESIAN_POINT('NONE', (-0.049999999999999996, -0.0010009999999999995, -0.000000000000000021316282072803006));
#667 = AXIS2_PLACEMENT_3D('NONE', #666, #665, #664);
#668 = CIRCLE('NONE', #667, 0.005250000000000007);
#669 = DIRECTION('NONE', (0, 1, 0));
#670 = VECTOR('NONE', #669, 1);
#671 = CARTESIAN_POINT('NONE', (-0.05525, -0.0010009999999999995, -0.000000000000000006766173565289126));
#672 = LINE('NONE', #671, #670);
#673 = DIRECTION('NONE', (-1, 0, 0.0000000000000027714492395264494));
#674 = DIRECTION('NONE', (0, 1, -0));
#675 = CARTESIAN_POINT('NONE', (-0.049999999999999996, 0.012, -0.000000000000000021316282072803006));
#676 = AXIS2_PLACEMENT_3D('NONE', #675, #674, #673);
#677 = CIRCLE('NONE', #676, 0.005250000000000007);
#678 = CARTESIAN_POINT('NONE', (-0.00000000000000001014926034793369, 0.000000000000000000006938893903907229, 0.055249999999999994));
#679 = CARTESIAN_POINT('NONE', (0.00010940789738158646, 0, 0.055247480613634325));
#680 = CARTESIAN_POINT('NONE', (0.000241660223217475, -0.000000000000000000006938893903907229, 0.0552444351780258));
#681 = CARTESIAN_POINT('NONE', (0.000352815614460397, 0, 0.05523669871498426));
#682 = CARTESIAN_POINT('NONE', (0.00048718031182590286, 0.000000000000000000006938893903907229, 0.05522734687425363));
#683 = CARTESIAN_POINT('NONE', (0.0005997490286255325, -0.000000000000000000006938893903907229, 0.05521414161066391));
#684 = CARTESIAN_POINT('NONE', (0.0007358221546923596, 0, 0.05519817908085744));
#685 = CARTESIAN_POINT('NONE', (0.0008494354127190447, -0.000000000000000000006938893903907229, 0.05517927837518683));
#686 = CARTESIAN_POINT('NONE', (0.0009867711807890146, 0.000000000000000000006938893903907229, 0.05515643119189659));
#687 = CARTESIAN_POINT('NONE', (0.001101027483393435, 0, 0.05513163864442378));
#688 = CARTESIAN_POINT('NONE', (0.0012391405640985707, 0, 0.05510166939955986));
#689 = CARTESIAN_POINT('NONE', (0.0013536084560004811, 0, 0.055070823922392695));
#690 = CARTESIAN_POINT('NONE', (0.001491977305963456, 0, 0.055033537892823496));
#691 = CARTESIAN_POINT('NONE', (0.0016061989953562211, -0.000000000000000000006938893903907229, 0.054996518535648575));
#692 = CARTESIAN_POINT('NONE', (0.00174427023559229, 0, 0.05495176951656948));
#693 = CARTESIAN_POINT('NONE', (0.001857766072035692, 0, 0.054908499883152835));
#694 = CARTESIAN_POINT('NONE', (0.0019949599008319517, 0.000000000000000000006938893903907229, 0.05485619552675473));
#695 = CARTESIAN_POINT('NONE', (0.0021072336616128253, 0.000000000000000000006938893903907229, 0.05480664761388683));
#696 = CARTESIAN_POINT('NONE', (0.002242950244683823, 0.000000000000000000006938893903907229, 0.05474675406987477));
#697 = CARTESIAN_POINT('NONE', (0.0023534951456475185, -0.000000000000000000006938893903907229, 0.05469095136517859));
#698 = CARTESIAN_POINT('NONE', (0.0024871218820315955, 0, 0.05462349702540399));
#699 = CARTESIAN_POINT('NONE', (0.0025954271922854506, 0.000000000000000000006938893903907229, 0.054561516713980816));
#700 = CARTESIAN_POINT('NONE', (0.002726346710201889, 0, 0.05448659487983608));
#701 = CARTESIAN_POINT('NONE', (0.0028319048159059315, 0, 0.05441856903230907));
#702 = CARTESIAN_POINT('NONE', (0.0029595035114690026, 0.000000000000000000006938893903907229, 0.05433633935083528));
#703 = CARTESIAN_POINT('NONE', (0.003061817244604082, -0.000000000000000000006938893903907229, 0.05426245499648241));
#704 = CARTESIAN_POINT('NONE', (0.0031854941408419476, 0, 0.0541731435487725));
#705 = CARTESIAN_POINT('NONE', (0.003284084166713783, 0, 0.054093641575913884));
#706 = CARTESIAN_POINT('NONE', (0.0034032598435873966, 0, 0.053997539547900104));
#707 = CARTESIAN_POINT('NONE', (0.003497671887873765, 0.000000000000000000006938893903907229, 0.053912712417623444));
#708 = CARTESIAN_POINT('NONE', (0.0036117972183354516, -0.000000000000000000006938893903907229, 0.05381017333642765));
#709 = CARTESIAN_POINT('NONE', (0.0037016089121352093, 0, 0.0537203616426279));
#710 = CARTESIAN_POINT('NONE', (0.003810173336427641, 0, 0.05361179721833546));
#711 = CARTESIAN_POINT('NONE', (0.003895000466704305, 0.000000000000000000006938893903907229, 0.05351738517404908));
#712 = CARTESIAN_POINT('NONE', (0.003997539547900099, 0.000000000000000000006938893903907229, 0.05340325984358741));
#713 = CARTESIAN_POINT('NONE', (0.004077041520758719, 0, 0.05330466981771557));
#714 = CARTESIAN_POINT('NONE', (0.004173143548772492, 0.000000000000000000006938893903907229, 0.05318549414084196));
#715 = CARTESIAN_POINT('NONE', (0.0042470279031253545, 0, 0.05308318040770688));
#716 = CARTESIAN_POINT('NONE', (0.004336339350835275, 0.000000000000000000006938893903907229, 0.05295950351146902));
#717 = CARTESIAN_POINT('NONE', (0.004404365198362285, 0, 0.05285394540576497));
#718 = CARTESIAN_POINT('NONE', (0.004486594879836064, 0, 0.052726346710201905));
#719 = CARTESIAN_POINT('NONE', (0.0045485751912592454, 0, 0.05261804139994805));
#720 = CARTESIAN_POINT('NONE', (0.0046234970254039835, 0.000000000000000000006938893903907229, 0.05248712188203161));
#721 = CARTESIAN_POINT('NONE', (0.004679299730100163, -0.000000000000000000006938893903907229, 0.05237657698106791));
#722 = CARTESIAN_POINT('NONE', (0.0047467540698747646, 0, 0.05224295024468383));
#723 = CARTESIAN_POINT('NONE', (0.004796301982742648, 0, 0.05213067648390296));
#724 = CARTESIAN_POINT('NONE', (0.004856195526754707, 0, 0.05199495990083195));
#725 = CARTESIAN_POINT('NONE', (0.004899465160171346, -0.000000000000000000006938893903907229, 0.05188146406438855));
#726 = CARTESIAN_POINT('NONE', (0.004951769516569474, 0, 0.0517442702355923));
#727 = CARTESIAN_POINT('NONE', (0.004988788873744393, -0.000000000000000000006938893903907229, 0.051630048546199535));
#728 = CARTESIAN_POINT('NONE', (0.0050335378928234855, -0.000000000000000000006938893903907229, 0.05149197730596346));
#729 = CARTESIAN_POINT('NONE', (0.005064383369990645, -0.000000000000000000006938893903907229, 0.05137750941406156));
#730 = CARTESIAN_POINT('NONE', (0.005101669399559849, 0, 0.05123914056409858));
#731 = CARTESIAN_POINT('NONE', (0.005126461947032666, 0.000000000000000000006938893903907229, 0.05112488426149417));
#732 = CARTESIAN_POINT('NONE', (0.005156431191896595, 0, 0.05098677118078902));
#733 = CARTESIAN_POINT('NONE', (0.005175331897567195, 0, 0.05087315792276234));
#734 = CARTESIAN_POINT('NONE', (0.005198179080857429, 0, 0.05073582215469237));
#735 = CARTESIAN_POINT('NONE', (0.005211384344447152, -0.000000000000000000006938893903907229, 0.050623253437892736));
#736 = CARTESIAN_POINT('NONE', (0.005227346874253622, 0.000000000000000000006938893903907229, 0.05048718031182591));
#737 = CARTESIAN_POINT('NONE', (0.005235083337295155, 0, 0.05037602492058298));
#738 = CARTESIAN_POINT('NONE', (0.005244435178025789, 0, 0.05024166022321749));
#739 = CARTESIAN_POINT('NONE', (0.005246954564391465, 0, 0.050132252325835895));
#740 = CARTESIAN_POINT('NONE', (0.005249999999999991, 0.000000000000000000006938893903907229, 0.05));
#741 = CARTESIAN_POINT('NONE', (0.005247480613634315, 0, 0.049890592102618404));
#742 = CARTESIAN_POINT('NONE', (0.00524443517802579, -0.000000000000000000006938893903907229, 0.04975833977678252));
#743 = CARTESIAN_POINT('NONE', (0.0052366987149842555, 0, 0.04964718438553959));
#744 = CARTESIAN_POINT('NONE', (0.005227346874253622, 0.000000000000000000006938893903907229, 0.04951281968817409));
#745 = CARTESIAN_POINT('NONE', (0.005214141610663899, 0.000000000000000000006938893903907229, 0.049400250971374446));
#746 = CARTESIAN_POINT('NONE', (0.005198179080857429, 0.000000000000000000006938893903907229, 0.04926417784530762));
#747 = CARTESIAN_POINT('NONE', (0.005179278375186829, 0.000000000000000000006938893903907229, 0.04915056458728095));
#748 = CARTESIAN_POINT('NONE', (0.005156431191896595, 0, 0.049013228819210976));
#749 = CARTESIAN_POINT('NONE', (0.005131638644423779, 0, 0.04889897251660655));
#750 = CARTESIAN_POINT('NONE', (0.00510166939955985, 0.000000000000000000006938893903907229, 0.04876085943590141));
#751 = CARTESIAN_POINT('NONE', (0.00507082392239269, 0, 0.04864639154399951));
#752 = CARTESIAN_POINT('NONE', (0.005033537892823487, 0.000000000000000000006938893903907229, 0.048508022694036534));
#753 = CARTESIAN_POINT('NONE', (0.004996518535648568, -0.000000000000000000006938893903907229, 0.048393801004643765));
#754 = CARTESIAN_POINT('NONE', (0.004951769516569475, 0, 0.04825572976440769));
#755 = CARTESIAN_POINT('NONE', (0.004908499883152836, 0, 0.04814223392796429));
#756 = CARTESIAN_POINT('NONE', (0.004856195526754709, 0.000000000000000000006938893903907229, 0.04800504009916804));
#757 = CARTESIAN_POINT('NONE', (0.004806647613886825, 0.000000000000000000006938893903907229, 0.04789276633838716));
#758 = CARTESIAN_POINT('NONE', (0.004746754069874765, 0.000000000000000000006938893903907229, 0.04775704975531616));
#759 = CARTESIAN_POINT('NONE', (0.004690951365178585, 0, 0.04764650485435247));
#760 = CARTESIAN_POINT('NONE', (0.0046234970254039835, 0.000000000000000000006938893903907229, 0.0475128781179684));
#761 = CARTESIAN_POINT('NONE', (0.004561516713980802, -0.000000000000000000006938893903907229, 0.04740457280771455));
#762 = CARTESIAN_POINT('NONE', (0.004486594879836065, 0, 0.04727365328979811));
#763 = CARTESIAN_POINT('NONE', (0.004418569032309055, 0.000000000000000000006938893903907229, 0.04716809518409406));
#764 = CARTESIAN_POINT('NONE', (0.004336339350835276, -0.000000000000000000006938893903907229, 0.04704049648853097));
#765 = CARTESIAN_POINT('NONE', (0.0042624549964824145, 0, 0.0469381827553959));
#766 = CARTESIAN_POINT('NONE', (0.004173143548772493, 0, 0.046814505859158036));
#767 = CARTESIAN_POINT('NONE', (0.004093641575913874, 0, 0.0467159158332862));
#768 = CARTESIAN_POINT('NONE', (0.003997539547900102, 0, 0.04659674015641259));
#769 = CARTESIAN_POINT('NONE', (0.003912712417623438, 0, 0.04650232811212622));
#770 = CARTESIAN_POINT('NONE', (0.0038101733364276427, -0.000000000000000000006938893903907229, 0.04638820278166454));
#771 = CARTESIAN_POINT('NONE', (0.0037203616426278855, 0, 0.046298391087864786));
#772 = CARTESIAN_POINT('NONE', (0.0036117972183354534, 0, 0.046189826663572346));
#773 = CARTESIAN_POINT('NONE', (0.003517385174049086, 0.000000000000000000006938893903907229, 0.04610499953329567));
#774 = CARTESIAN_POINT('NONE', (0.0034032598435873988, 0.000000000000000000006938893903907229, 0.04600246045209988));
#775 = CARTESIAN_POINT('NONE', (0.0033046698177155638, 0, 0.045922958479241265));
#776 = CARTESIAN_POINT('NONE', (0.00318549414084195, 0.000000000000000000006938893903907229, 0.04582685645122749));
#777 = CARTESIAN_POINT('NONE', (0.003083180407706871, 0, 0.045752972096874636));
#778 = CARTESIAN_POINT('NONE', (0.0029595035114690057, 0.000000000000000000006938893903907229, 0.04566366064916471));
#779 = CARTESIAN_POINT('NONE', (0.0028539454057649634, 0, 0.04559563480163771));
#780 = CARTESIAN_POINT('NONE', (0.002726346710201892, 0, 0.04551340512016393));
#781 = CARTESIAN_POINT('NONE', (0.0026180413999480363, 0, 0.04545142480874074));
#782 = CARTESIAN_POINT('NONE', (0.0024871218820315968, 0.000000000000000000006938893903907229, 0.04537650297459601));
#783 = CARTESIAN_POINT('NONE', (0.0023765769810679014, -0.000000000000000000006938893903907229, 0.04532070026989983));
#784 = CARTESIAN_POINT('NONE', (0.0022429502446838253, 0, 0.04525324593012523));
#785 = CARTESIAN_POINT('NONE', (0.0021306764839029513, 0, 0.045203698017257335));
#786 = CARTESIAN_POINT('NONE', (0.0019949599008319534, 0, 0.04514380447324527));
#787 = CARTESIAN_POINT('NONE', (0.0018814640643885516, -0.000000000000000000006938893903907229, 0.045100534839828635));
#788 = CARTESIAN_POINT('NONE', (0.0017442702355922927, 0, 0.04504823048343051));
#789 = CARTESIAN_POINT('NONE', (0.0016300485461995275, -0.000000000000000000006938893903907229, 0.0450112111262556));
#790 = CARTESIAN_POINT('NONE', (0.0014919773059634586, -0.000000000000000000006938893903907229, 0.044966462107176496));
#791 = CARTESIAN_POINT('NONE', (0.0013775094140615477, 0, 0.04493561663000934));
#792 = CARTESIAN_POINT('NONE', (0.0012391405640985724, 0, 0.04489833060044014));
#793 = CARTESIAN_POINT('NONE', (0.0011248842614941521, 0.000000000000000000006938893903907229, 0.04487353805296732));
#794 = CARTESIAN_POINT('NONE', (0.0009867711807890164, 0, 0.04484356880810338));
#795 = CARTESIAN_POINT('NONE', (0.0008731579227623311, 0.000000000000000000006938893903907229, 0.04482466810243278));
#796 = CARTESIAN_POINT('NONE', (0.0007358221546923615, 0.000000000000000000006938893903907229, 0.04480182091914256));
#797 = CARTESIAN_POINT('NONE', (0.0006232534378927319, 0, 0.04478861565555283));
#798 = CARTESIAN_POINT('NONE', (0.0004871803118259049, 0.000000000000000000006938893903907229, 0.04477265312574636));
#799 = CARTESIAN_POINT('NONE', (0.0003760249205829832, 0, 0.04476491666270483));
#800 = CARTESIAN_POINT('NONE', (0.00024166022321747734, 0, 0.0447555648219742));
#801 = CARTESIAN_POINT('NONE', (0.00013225232583588073, 0, 0.04475304543560853));
#802 = CARTESIAN_POINT('NONE', (-0.000000000000000007577502069724247, 0.000000000000000000006938893903907229, 0.04475));
#803 = CARTESIAN_POINT('NONE', (-0.00010940789738160402, 0, 0.04475251938636568));
#804 = CARTESIAN_POINT('NONE', (-0.00024166022321749238, -0.000000000000000000006938893903907229, 0.0447555648219742));
#805 = CARTESIAN_POINT('NONE', (-0.00035281561446041417, 0, 0.04476330128501573));
#806 = CARTESIAN_POINT('NONE', (-0.0004871803118259198, 0.000000000000000000006938893903907229, 0.04477265312574636));
#807 = CARTESIAN_POINT('NONE', (-0.0005997490286255493, 0.000000000000000000006938893903907229, 0.044785858389336075));
#808 = CARTESIAN_POINT('NONE', (-0.0007358221546923762, 0.000000000000000000006938893903907229, 0.04480182091914255));
#809 = CARTESIAN_POINT('NONE', (-0.0008494354127190611, 0.000000000000000000006938893903907229, 0.04482072162481316));
#810 = CARTESIAN_POINT('NONE', (-0.0009867711807890309, 0, 0.04484356880810338));
#811 = CARTESIAN_POINT('NONE', (-0.0011010274833934512, 0, 0.04486836135557621));
#812 = CARTESIAN_POINT('NONE', (-0.0012391405640985872, 0, 0.04489833060044014));
#813 = CARTESIAN_POINT('NONE', (-0.001353608456000497, -0.000000000000000000006938893903907229, 0.0449291760776073));
#814 = CARTESIAN_POINT('NONE', (-0.0014919773059634716, -0.000000000000000000006938893903907229, 0.044966462107176496));
#815 = CARTESIAN_POINT('NONE', (-0.0016061989953562365, 0, 0.045003481464351416));
#816 = CARTESIAN_POINT('NONE', (-0.0017442702355923055, 0.000000000000000000006938893903907229, 0.04504823048343051));
#817 = CARTESIAN_POINT('NONE', (-0.0018577660720357069, 0.000000000000000000006938893903907229, 0.04509150011684716));
#818 = CARTESIAN_POINT('NONE', (-0.0019949599008319665, 0, 0.04514380447324528));
#819 = CARTESIAN_POINT('NONE', (-0.00210723366161284, 0, 0.04519335238611316));
#820 = CARTESIAN_POINT('NONE', (-0.0022429502446838384, 0.000000000000000000006938893903907229, 0.045253245930125224));
#821 = CARTESIAN_POINT('NONE', (-0.0023534951456475354, 0, 0.04530904863482141));
#822 = CARTESIAN_POINT('NONE', (-0.0024871218820316132, 0.000000000000000000006938893903907229, 0.045376502974596014));
#823 = CARTESIAN_POINT('NONE', (-0.0025954271922854683, -0.000000000000000000006938893903907229, 0.0454384832860192));
#824 = CARTESIAN_POINT('NONE', (-0.002726346710201907, 0, 0.045513405120163934));
#825 = CARTESIAN_POINT('NONE', (-0.0028319048159059484, 0.000000000000000000006938893903907229, 0.045581430967690933));
#826 = CARTESIAN_POINT('NONE', (-0.0029595035114690195, -0.000000000000000000006938893903907229, 0.04566366064916471));
#827 = CARTESIAN_POINT('NONE', (-0.0030618172446040992, 0, 0.04573754500351757));
#828 = CARTESIAN_POINT('NONE', (-0.003185494140841964, 0, 0.04582685645122749));
#829 = CARTESIAN_POINT('NONE', (-0.0032840841667137995, 0, 0.045906358424086115));
#830 = CARTESIAN_POINT('NONE', (-0.0034032598435874135, 0, 0.04600246045209989));
#831 = CARTESIAN_POINT('NONE', (-0.003497671887873781, 0, 0.046087287582376554));
#832 = CARTESIAN_POINT('NONE', (-0.0036117972183354677, -0.000000000000000000006938893903907229, 0.04618982666357235));
#833 = CARTESIAN_POINT('NONE', (-0.0037016089121352258, 0, 0.04627963835737211));
#834 = CARTESIAN_POINT('NONE', (-0.003810173336427658, 0, 0.04638820278166454));
#835 = CARTESIAN_POINT('NONE', (-0.0038950004667043215, 0.000000000000000000006938893903907229, 0.046482614825950896));
#836 = CARTESIAN_POINT('NONE', (-0.0039975395479001155, 0.000000000000000000006938893903907229, 0.04659674015641259));
#837 = CARTESIAN_POINT('NONE', (-0.004077041520758735, 0, 0.046695330182284424));
#838 = CARTESIAN_POINT('NONE', (-0.004173143548772508, 0.000000000000000000006938893903907229, 0.04681450585915804));
#839 = CARTESIAN_POINT('NONE', (-0.00424702790312537, 0, 0.04691681959229312));
#840 = CARTESIAN_POINT('NONE', (-0.004336339350835291, 0.000000000000000000006938893903907229, 0.04704049648853098));
#841 = CARTESIAN_POINT('NONE', (-0.004404365198362301, 0, 0.047146054594235015));
#842 = CARTESIAN_POINT('NONE', (-0.004486594879836081, 0, 0.0472736532897981));
#843 = CARTESIAN_POINT('NONE', (-0.004548575191259262, 0, 0.04738195860005196));
#844 = CARTESIAN_POINT('NONE', (-0.004623497025403999, 0.000000000000000000006938893903907229, 0.04751287811796839));
#845 = CARTESIAN_POINT('NONE', (-0.004679299730100179, 0, 0.04762342301893209));
#846 = CARTESIAN_POINT('NONE', (-0.004746754069874781, 0, 0.04775704975531617));
#847 = CARTESIAN_POINT('NONE', (-0.004796301982742664, 0.000000000000000000006938893903907229, 0.04786932351609704));
#848 = CARTESIAN_POINT('NONE', (-0.004856195526754725, 0, 0.04800504009916804));
#849 = CARTESIAN_POINT('NONE', (-0.004899465160171364, 0, 0.04811853593561144));
#850 = CARTESIAN_POINT('NONE', (-0.004951769516569492, 0, 0.0482557297644077));
#851 = CARTESIAN_POINT('NONE', (-0.00498878887374441, -0.000000000000000000006938893903907229, 0.04836995145380047));
#852 = CARTESIAN_POINT('NONE', (-0.005033537892823503, -0.000000000000000000006938893903907229, 0.048508022694036534));
#853 = CARTESIAN_POINT('NONE', (-0.0050643833699906635, 0, 0.04862249058593845));
#854 = CARTESIAN_POINT('NONE', (-0.0051016693995598675, 0, 0.04876085943590142));
#855 = CARTESIAN_POINT('NONE', (-0.005126461947032684, 0.000000000000000000006938893903907229, 0.04887511573850584));
#856 = CARTESIAN_POINT('NONE', (-0.005156431191896611, 0, 0.04901322881921097));
#857 = CARTESIAN_POINT('NONE', (-0.0051753318975672116, 0.000000000000000000006938893903907229, 0.04912684207723766));
#858 = CARTESIAN_POINT('NONE', (-0.0051981790808574456, 0.000000000000000000006938893903907229, 0.04926417784530763));
#859 = CARTESIAN_POINT('NONE', (-0.005211384344447169, 0, 0.049376746562107256));
#860 = CARTESIAN_POINT('NONE', (-0.00522734687425364, 0.000000000000000000006938893903907229, 0.04951281968817409));
#861 = CARTESIAN_POINT('NONE', (-0.005235083337295172, 0, 0.049623975079417));
#862 = CARTESIAN_POINT('NONE', (-0.005244435178025805, 0, 0.04975833977678251));
#863 = CARTESIAN_POINT('NONE', (-0.005246954564391481, 0, 0.04986774767416411));
#864 = CARTESIAN_POINT('NONE', (-0.005250000000000008, 0.000000000000000000006938893903907229, 0.05));
#865 = CARTESIAN_POINT('NONE', (-0.005247480613634332, 0, 0.050109407897381594));
#866 = CARTESIAN_POINT('NONE', (-0.005244435178025806, -0.000000000000000000006938893903907229, 0.05024166022321749));
#867 = CARTESIAN_POINT('NONE', (-0.005236698714984273, 0, 0.0503528156144604));
#868 = CARTESIAN_POINT('NONE', (-0.005227346874253639, 0.000000000000000000006938893903907229, 0.050487180311825905));
#869 = CARTESIAN_POINT('NONE', (-0.0052141416106639155, 0.000000000000000000006938893903907229, 0.05059974902862553));
#870 = CARTESIAN_POINT('NONE', (-0.0051981790808574456, 0.000000000000000000006938893903907229, 0.05073582215469236));
#871 = CARTESIAN_POINT('NONE', (-0.005179278375186846, 0.000000000000000000006938893903907229, 0.05084943541271905));
#872 = CARTESIAN_POINT('NONE', (-0.005156431191896612, 0, 0.05098677118078902));
#873 = CARTESIAN_POINT('NONE', (-0.005131638644423796, 0, 0.051101027483393444));
#874 = CARTESIAN_POINT('NONE', (-0.0051016693995598675, 0, 0.05123914056409858));
#875 = CARTESIAN_POINT('NONE', (-0.005070823922392707, -0.000000000000000000006938893903907229, 0.05135360845600049));
#876 = CARTESIAN_POINT('NONE', (-0.005033537892823503, -0.000000000000000000006938893903907229, 0.051491977305963464));
#877 = CARTESIAN_POINT('NONE', (-0.004996518535648585, 0, 0.05160619899535623));
#878 = CARTESIAN_POINT('NONE', (-0.004951769516569493, 0.000000000000000000006938893903907229, 0.0517442702355923));
#879 = CARTESIAN_POINT('NONE', (-0.004908499883152854, 0.000000000000000000006938893903907229, 0.0518577660720357));
#880 = CARTESIAN_POINT('NONE', (-0.004856195526754726, 0, 0.05199495990083196));
#881 = CARTESIAN_POINT('NONE', (-0.004806647613886842, 0, 0.05210723366161283));
#882 = CARTESIAN_POINT('NONE', (-0.004746754069874784, 0.000000000000000000006938893903907229, 0.05224295024468383));
#883 = CARTESIAN_POINT('NONE', (-0.004690951365178604, -0.000000000000000000006938893903907229, 0.05235349514564752));
#884 = CARTESIAN_POINT('NONE', (-0.004623497025404002, 0, 0.0524871218820316));
#885 = CARTESIAN_POINT('NONE', (-0.0045615167139808205, 0, 0.052595427192285465));
#886 = CARTESIAN_POINT('NONE', (-0.0044865948798360825, 0, 0.052726346710201905));
#887 = CARTESIAN_POINT('NONE', (-0.004418569032309072, 0.000000000000000000006938893903907229, 0.052831904815905946));
#888 = CARTESIAN_POINT('NONE', (-0.004336339350835292, -0.000000000000000000006938893903907229, 0.05295950351146901));
#889 = CARTESIAN_POINT('NONE', (-0.004262454996482431, 0, 0.053061817244604084));
#890 = CARTESIAN_POINT('NONE', (-0.004173143548772511, 0, 0.053185494140841956));
#891 = CARTESIAN_POINT('NONE', (-0.004093641575913891, 0, 0.0532840841667138));
#892 = CARTESIAN_POINT('NONE', (-0.003997539547900117, 0, 0.05340325984358741));
#893 = CARTESIAN_POINT('NONE', (-0.003912712417623454, 0, 0.05349767188787377));
#894 = CARTESIAN_POINT('NONE', (-0.003810173336427659, -0.000000000000000000006938893903907229, 0.053611797218335464));
#895 = CARTESIAN_POINT('NONE', (-0.0037203616426279016, 0, 0.05370160891213522));
#896 = CARTESIAN_POINT('NONE', (-0.0036117972183354694, 0, 0.05381017333642765));
#897 = CARTESIAN_POINT('NONE', (-0.003517385174049102, 0.000000000000000000006938893903907229, 0.05389500046670431));
#898 = CARTESIAN_POINT('NONE', (-0.003403259843587415, 0.000000000000000000006938893903907229, 0.053997539547900104));
#899 = CARTESIAN_POINT('NONE', (-0.00330466981771558, 0, 0.05407704152075873));
#900 = CARTESIAN_POINT('NONE', (-0.0031854941408419666, 0.000000000000000000006938893903907229, 0.05417314354877249));
#901 = CARTESIAN_POINT('NONE', (-0.0030831804077068874, 0, 0.05424702790312536));
#902 = CARTESIAN_POINT('NONE', (-0.0029595035114690226, 0.000000000000000000006938893903907229, 0.054336339350835296));
#903 = CARTESIAN_POINT('NONE', (-0.0028539454057649807, 0, 0.0544043651983623));
#904 = CARTESIAN_POINT('NONE', (-0.002726346710201909, 0, 0.05448659487983607));
#905 = CARTESIAN_POINT('NONE', (-0.002618041399948054, 0, 0.05454857519125925));
#906 = CARTESIAN_POINT('NONE', (-0.002487121882031616, 0.000000000000000000006938893903907229, 0.05462349702540399));
#907 = CARTESIAN_POINT('NONE', (-0.00237657698106792, 0, 0.05467929973010017));
#908 = CARTESIAN_POINT('NONE', (-0.002242950244683844, 0, 0.054746754069874774));
#909 = CARTESIAN_POINT('NONE', (-0.0021306764839029704, 0.000000000000000000006938893903907229, 0.054796301982742664));
#910 = CARTESIAN_POINT('NONE', (-0.0019949599008319725, 0, 0.05485619552675472));
#911 = CARTESIAN_POINT('NONE', (-0.001881464064388569, 0, 0.05489946516017136));
#912 = CARTESIAN_POINT('NONE', (-0.0017442702355923078, 0, 0.054951769516569486));
#913 = CARTESIAN_POINT('NONE', (-0.0016300485461995433, -0.000000000000000000006938893903907229, 0.0549887888737444));
#914 = CARTESIAN_POINT('NONE', (-0.0014919773059634742, -0.000000000000000000006938893903907229, 0.055033537892823496));
#915 = CARTESIAN_POINT('NONE', (-0.001377509414061564, 0, 0.055064383369990665));
#916 = CARTESIAN_POINT('NONE', (-0.0012391405640985898, 0, 0.05510166939955987));
#917 = CARTESIAN_POINT('NONE', (-0.0011248842614941695, 0.000000000000000000006938893903907229, 0.055126461947032676));
#918 = CARTESIAN_POINT('NONE', (-0.0009867711807890335, 0, 0.0551564311918966));
#919 = CARTESIAN_POINT('NONE', (-0.0008731579227623485, 0.000000000000000000006938893903907229, 0.055175331897567195));
#920 = CARTESIAN_POINT('NONE', (-0.0007358221546923788, 0.000000000000000000006938893903907229, 0.05519817908085744));
#921 = CARTESIAN_POINT('NONE', (-0.0006232534378927492, 0, 0.055211384344447154));
#922 = CARTESIAN_POINT('NONE', (-0.0004871803118259225, 0.000000000000000000006938893903907229, 0.055227346874253624));
#923 = CARTESIAN_POINT('NONE', (-0.00037602492058300076, 0, 0.05523508333729516));
#924 = CARTESIAN_POINT('NONE', (-0.00024166022321749498, 0, 0.0552444351780258));
#925 = CARTESIAN_POINT('NONE', (-0.0001322523258358984, 0, 0.05524695456439147));
#926 = CARTESIAN_POINT('NONE', (-0.00000000000000001014926034793369, 0.000000000000000000006938893903907229, 0.055249999999999994));
#927 = B_SPLINE_CURVE_WITH_KNOTS('NONE', 2, (#678, #679, #680, #681, #682, #683, #684, #685, #686, #687, #688, #689, #690, #691, #692, #693, #694, #695, #696, #697, #698, #699, #700, #701, #702, #703, #704, #705, #706, #707, #708, #709, #710, #711, #712, #713, #714, #715, #716, #717, #718, #719, #720, #721, #722, #723, #724, #725, #726, #727, #728, #729, #730, #731, #732, #733, #734, #735, #736, #737, #738, #739, #740, #741, #742, #743, #744, #745, #746, #747, #748, #749, #750, #751, #752, #753, #754, #755, #756, #757, #758, #759, #760, #761, #762, #763, #764, #765, #766, #767, #768, #769, #770, #771, #772, #773, #774, #775, #776, #777, #778, #779, #780, #781, #782, #783, #784, #785, #786, #787, #788, #789, #790, #791, #792, #793, #794, #795, #796, #797, #798, #799, #800, #801, #802, #803, #804, #805, #806, #807, #808, #809, #810, #811, #812, #813, #814, #815, #816, #817, #818, #819, #820, #821, #822, #823, #824, #825, #826, #827, #828, #829, #830, #831, #832, #833, #834, #835, #836, #837, #838, #839, #840, #841, #842, #843, #844, #845, #846, #847, #848, #849, #850, #851, #852, #853, #854, #855, #856, #857, #858, #859, #860, #861, #862, #863, #864, #865, #866, #867, #868, #869, #870, #871, #872, #873, #874, #875, #876, #877, #878, #879, #880, #881, #882, #883, #884, #885, #886, #887, #888, #889, #890, #891, #892, #893, #894, #895, #896, #897, #898, #899, #900, #901, #902, #903, #904, #905, #906, #907, #908, #909, #910, #911, #912, #913, #914, #915, #916, #917, #918, #919, #920, #921, #922, #923, #924, #925, #926), .UNSPECIFIED., .F., .F., (3, 1, 1, 1, 1, 1, 1, 1, 1, 1, 1, 1, 1, 1, 1, 1, 1, 1, 1, 1, 1, 1, 1, 1, 1, 1, 1, 1, 1, 1, 1, 1, 1, 1, 1, 1, 1, 1, 1, 1, 1, 1, 1, 1, 1, 1, 1, 1, 1, 1, 1, 1, 1, 1, 1, 1, 1, 1, 1, 1, 1, 1, 1, 1, 1, 1, 1, 1, 1, 1, 1, 1, 1, 1, 1, 1, 1, 1, 1, 1, 1, 1, 1, 1, 1, 1, 1, 1, 1, 1, 1, 1, 1, 1, 1, 1, 1, 1, 1, 1, 1, 1, 1, 1, 1, 1, 1, 1, 1, 1, 1, 1, 1, 1, 1, 1, 1, 1, 1, 1, 1, 1, 1, 1, 1, 1, 1, 1, 1, 1, 1, 1, 1, 1, 1, 1, 1, 1, 1, 1, 1, 1, 1, 1, 1, 1, 1, 1, 1, 1, 1, 1, 1, 1, 1, 1, 1, 1, 1, 1, 1, 1, 1, 1, 1, 1, 1, 1, 1, 1, 1, 1, 1, 1, 1, 1, 1, 1, 1, 1, 1, 1, 1, 1, 1, 1, 1, 1, 1, 1, 1, 1, 1, 1, 1, 1, 1, 1, 1, 1, 1, 1, 1, 1, 1, 1, 1, 1, 1, 1, 1, 1, 1, 1, 1, 1, 1, 1, 1, 1, 1, 1, 1, 1, 1, 1, 1, 1, 1, 1, 1, 1, 1, 1, 1, 1, 1, 1, 1, 1, 1, 1, 1, 1, 1, 1, 1, 3), (0, 0.004048582995951417, 0.008097165991902834, 0.012145748987854251, 0.016194331983805668, 0.020242914979757085, 0.024291497975708502, 0.02834008097165992, 0.032388663967611336, 0.03643724696356275, 0.04048582995951417, 0.04453441295546559, 0.048582995951417005, 0.05263157894736842, 0.05668016194331984, 0.06072874493927126, 0.06477732793522267, 0.06882591093117409, 0.0728744939271255, 0.07692307692307693, 0.08097165991902834, 0.08502024291497975, 0.08906882591093118, 0.0931174089068826, 0.09716599190283401, 0.10121457489878542, 0.10526315789473684, 0.10931174089068826, 0.11336032388663968, 0.11740890688259109, 0.12145748987854252, 0.12550607287449392, 0.12955465587044535, 0.13360323886639677, 0.13765182186234817, 0.1417004048582996, 0.145748987854251, 0.14979757085020243, 0.15384615384615385, 0.15789473684210525, 0.16194331983805668, 0.1659919028340081, 0.1700404858299595, 0.17408906882591094, 0.17813765182186236, 0.18218623481781376, 0.1862348178137652, 0.1902834008097166, 0.19433198380566802, 0.19838056680161945, 0.20242914979757085, 0.20647773279352227, 0.21052631578947367, 0.2145748987854251, 0.21862348178137653, 0.22267206477732793, 0.22672064777327935, 0.23076923076923078, 0.23481781376518218, 0.2388663967611336, 0.24291497975708504, 0.24696356275303644, 0.25101214574898784, 0.2550607287449393, 0.2591093117408907, 0.2631578947368421, 0.26720647773279355, 0.27125506072874495, 0.27530364372469635, 0.2793522267206478, 0.2834008097165992, 0.2874493927125506, 0.291497975708502, 0.29554655870445345, 0.29959514170040485, 0.30364372469635625, 0.3076923076923077, 0.3117408906882591, 0.3157894736842105, 0.31983805668016196, 0.32388663967611336, 0.32793522267206476, 0.3319838056680162, 0.3360323886639676, 0.340080971659919, 0.3441295546558705, 0.3481781376518219, 0.3522267206477733, 0.35627530364372473, 0.3603238866396761, 0.3643724696356275, 0.3684210526315789, 0.3724696356275304, 0.3765182186234818, 0.3805668016194332, 0.38461538461538464, 0.38866396761133604, 0.39271255060728744, 0.3967611336032389, 0.4008097165991903, 0.4048582995951417, 0.40890688259109315, 0.41295546558704455, 0.41700404858299595, 0.42105263157894735, 0.4251012145748988, 0.4291497975708502, 0.4331983805668016, 0.43724696356275305, 0.44129554655870445, 0.44534412955465585, 0.4493927125506073, 0.4534412955465587, 0.4574898785425101, 0.46153846153846156, 0.46558704453441296, 0.46963562753036436, 0.4736842105263158, 0.4777327935222672, 0.4817813765182186, 0.4858299595141701, 0.4898785425101215, 0.4939271255060729, 0.4979757085020243, 0.5020242914979758, 0.5060728744939271, 0.5101214574898785, 0.5141700404858299, 0.5182186234817814, 0.5222672064777327, 0.5263157894736842, 0.5303643724696356, 0.534412955465587, 0.5384615384615384, 0.5425101214574899, 0.5465587044534412, 0.5506072874493927, 0.5546558704453441, 0.5587044534412955, 0.562753036437247, 0.5668016194331984, 0.5708502024291497, 0.5748987854251012, 0.5789473684210527, 0.582995951417004, 0.5870445344129555, 0.5910931174089069, 0.5951417004048583, 0.5991902834008097, 0.6032388663967612, 0.6072874493927125, 0.611336032388664, 0.6153846153846154, 0.6194331983805668, 0.6234817813765182, 0.6275303643724697, 0.631578947368421, 0.6356275303643725, 0.6396761133603239, 0.6437246963562753, 0.6477732793522267, 0.6518218623481782, 0.6558704453441295, 0.659919028340081, 0.6639676113360324, 0.6680161943319838, 0.6720647773279352, 0.6761133603238867, 0.680161943319838, 0.6842105263157895, 0.688259109311741, 0.6923076923076923, 0.6963562753036437, 0.7004048582995952, 0.7044534412955465, 0.708502024291498, 0.7125506072874495, 0.7165991902834008, 0.7206477732793521, 0.7246963562753037, 0.728744939271255, 0.7327935222672064, 0.736842105263158, 0.7408906882591093, 0.7449392712550607, 0.7489878542510122, 0.7530364372469636, 0.7570850202429149, 0.7611336032388664, 0.7651821862348178, 0.7692307692307692, 0.7732793522267206, 0.7773279352226721, 0.7813765182186234, 0.7854251012145749, 0.7894736842105263, 0.7935222672064777, 0.7975708502024291, 0.8016194331983806, 0.8056680161943319, 0.8097165991902834, 0.8137651821862348, 0.8178137651821862, 0.8218623481781376, 0.8259109311740891, 0.8299595141700404, 0.8340080971659919, 0.8380566801619433, 0.8421052631578947, 0.8461538461538461, 0.8502024291497976, 0.854251012145749, 0.8582995951417004, 0.8623481781376519, 0.8663967611336032, 0.8704453441295547, 0.8744939271255061, 0.8785425101214575, 0.8825910931174089, 0.8866396761133604, 0.8906882591093117, 0.8947368421052632, 0.8987854251012146, 0.902834008097166, 0.9068825910931174, 0.9109311740890689, 0.9149797570850202, 0.9190283400809717, 0.9230769230769231, 0.9271255060728745, 0.9311740890688259, 0.9352226720647774, 0.9392712550607287, 0.9433198380566802, 0.9473684210526316, 0.951417004048583, 0.9554655870445344, 0.9595141700404858, 0.9635627530364372, 0.9676113360323887, 0.97165991902834, 0.9757085020242915, 0.979757085020243, 0.9838056680161943, 0.9878542510121457, 0.9919028340080972, 0.9959514170040485, 1), .UNSPECIFIED.);
#928 = DIRECTION('NONE', (0, 1, 0));
#929 = VECTOR('NONE', #928, 1);
#930 = CARTESIAN_POINT('NONE', (-0.00000000000000001014926034793369, -0.0010009999999999995, 0.05525));
#931 = LINE('NONE', #930, #929);
#932 = DIRECTION('NONE', (0.000000000000002127051757117962, 0, 1));
#933 = DIRECTION('NONE', (-0, 1, 0));
#934 = CARTESIAN_POINT('NONE', (-0.000000000000000021316282072803006, 0.012, 0.049999999999999996));
#935 = AXIS2_PLACEMENT_3D('NONE', #934, #933, #932);
#936 = CIRCLE('NONE', #935, 0.005250000000000007);
#937 = DIRECTION('NONE', (-1, 0, 0.000000000000000035887827627057714));
#938 = DIRECTION('NONE', (-0, -1, 0));
#939 = CARTESIAN_POINT('NONE', (-0.0000000000000000012560739669470202, -0.172, -0.00000000000000000125607396694702));
#940 = AXIS2_PLACEMENT_3D('NONE', #939, #938, #937);
#941 = CIRCLE('NONE', #940, 0.035);
#942 = DIRECTION('NONE', (-1, 0, -0.000000000000000035887827627057727));
#943 = DIRECTION('NONE', (0, -1, -0));
#944 = CARTESIAN_POINT('NONE', (-0.0000000000000000012560739669470198, -0.161, 0.0000000000000000012560739669470204));
#945 = AXIS2_PLACEMENT_3D('NONE', #944, #943, #942);
#946 = CIRCLE('NONE', #945, 0.035);
#947 = DIRECTION('NONE', (1, 0, -0));
#948 = DIRECTION('NONE', (0, 0, 1));
#949 = CARTESIAN_POINT('NONE', (-0.03599999999999998, -0.161, -0));
#950 = AXIS2_PLACEMENT_3D('NONE', #949, #948, #947);
#951 = CIRCLE('NONE', #950, 0.0009999999999999857);
#952 = DIRECTION('NONE', (-1, 0, -0.000000000000000034890943526306104));
#953 = DIRECTION('NONE', (0, 1, 0));
#954 = CARTESIAN_POINT('NONE', (0.0000000000000000012560739669470204, -0.16, 0.0000000000000000012560739669470198));
#955 = AXIS2_PLACEMENT_3D('NONE', #954, #953, #952);
#956 = CIRCLE('NONE', #955, 0.036);
#957 = DIRECTION('NONE', (0, -1, 0));
#958 = VECTOR('NONE', #957, 1);
#959 = CARTESIAN_POINT('NONE', (-0.035, -0.161, -0));
#960 = LINE('NONE', #959, #958);
#961 = DIRECTION('NONE', (0, -1, 0));
#962 = VECTOR('NONE', #961, 1);
#963 = CARTESIAN_POINT('NONE', (-0.009, -0.172, -0.011));
#964 = LINE('NONE', #963, #962);
#965 = DIRECTION('NONE', (-0.0000000000000017763568394002489, -0.000000000000042632564145605973, 1));
#966 = DIRECTION('NONE', (0.00000000000003430803818635437, -1, -0.00000000000004263256414560591));
#967 = CARTESIAN_POINT('NONE', (-0.008999999999999996, -0.2019999999999999, -0.013000000000000001));
#968 = AXIS2_PLACEMENT_3D('NONE', #967, #966, #965);
#969 = CIRCLE('NONE', #968, 0.0020000000000000018);
#970 = DIRECTION('NONE', (0, 1, 0));
#971 = VECTOR('NONE', #970, 1);
#972 = CARTESIAN_POINT('NONE', (-0.011000000000000001, -0.202, -0.013));
#973 = LINE('NONE', #972, #971);
#974 = DIRECTION('NONE', (-1, 0, 0.0000000000000008881784197001229));
#975 = DIRECTION('NONE', (0, 1, -0));
#976 = CARTESIAN_POINT('NONE', (-0.008999999999999996, -0.172, -0.013000000000000001));
#977 = AXIS2_PLACEMENT_3D('NONE', #976, #975, #974);
#978 = CIRCLE('NONE', #977, 0.0020000000000000052);
#979 = DIRECTION('NONE', (0, -1, 0));
#980 = VECTOR('NONE', #979, 1);
#981 = CARTESIAN_POINT('NONE', (-0.011000000000000001, -0.172, -0.027));
#982 = LINE('NONE', #981, #980);
#983 = DIRECTION('NONE', (-1, -0.00000000000004263256414560609, 0.0000000000000017763568394002536));
#984 = DIRECTION('NONE', (0.00000000000004263256414560615, -1, 0.00000000000003430803818635425));
#985 = CARTESIAN_POINT('NONE', (-0.009000000000000005, -0.2019999999999999, -0.027000000000000003));
#986 = AXIS2_PLACEMENT_3D('NONE', #985, #984, #983);
#987 = CIRCLE('NONE', #986, 0.0019999999999999966);
#988 = DIRECTION('NONE', (0, 1, 0));
#989 = VECTOR('NONE', #988, 1);
#990 = CARTESIAN_POINT('NONE', (-0.009000000000000001, -0.202, -0.029));
#991 = LINE('NONE', #990, #989);
#992 = DIRECTION('NONE', (0.0000000000000017763568394002536, 0, -1));
#993 = DIRECTION('NONE', (0, 1, 0));
#994 = CARTESIAN_POINT('NONE', (-0.009000000000000005, -0.172, -0.027000000000000003));
#995 = AXIS2_PLACEMENT_3D('NONE', #994, #993, #992);
#996 = CIRCLE('NONE', #995, 0.0019999999999999966);
#997 = DIRECTION('NONE', (0, 0, -1));
#998 = VECTOR('NONE', #997, 1);
#999 = CARTESIAN_POINT('NONE', (-0.011, -0.172, -0.012999999999999998));
#1000 = LINE('NONE', #999, #998);
#1001 = DIRECTION('NONE', (0.00000000000000012390881971262918, 0.000000000000001982541115402067, 1));
#1002 = VECTOR('NONE', #1001, 1);
#1003 = CARTESIAN_POINT('NONE', (-0.011000000000000001, -0.202, -0.02699999999999996));
#1004 = LINE('NONE', #1003, #1002);
#1005 = DIRECTION('NONE', (0, -1, 0));
#1006 = VECTOR('NONE', #1005, 1);
#1007 = CARTESIAN_POINT('NONE', (0.008999999999999998, -0.172, -0.029000000000000005));
#1008 = LINE('NONE', #1007, #1006);
#1009 = DIRECTION('NONE', (-0.0000000000000026645352591003804, -0.00000000000004263256414560609, -1));
#1010 = DIRECTION('NONE', (-0.000000000000034308038186354184, -1, 0.000000000000042632564145606175));
#1011 = CARTESIAN_POINT('NONE', (0.009000000000000003, -0.2019999999999999, -0.027000000000000007));
#1012 = AXIS2_PLACEMENT_3D('NONE', #1011, #1010, #1009);
#1013 = CIRCLE('NONE', #1012, 0.0019999999999999966);
#1014 = DIRECTION('NONE', (0, 1, 0));
#1015 = VECTOR('NONE', #1014, 1);
#1016 = CARTESIAN_POINT('NONE', (0.010999999999999996, -0.202, -0.027000000000000007));
#1017 = LINE('NONE', #1016, #1015);
#1018 = DIRECTION('NONE', (1, 0.00000000000004263256414560616, -0));
#1019 = DIRECTION('NONE', (-0.00000000000004263256414560616, 1, 0.00000000000003430803818635424));
#1020 = CARTESIAN_POINT('NONE', (0.009000000000000003, -0.1720000000000001, -0.027000000000000007));
#1021 = AXIS2_PLACEMENT_3D('NONE', #1020, #1019, #1018);
#1022 = CIRCLE('NONE', #1021, 0.001999999999999993);
#1023 = DIRECTION('NONE', (1, -0.0000000000000030839528461810114, -0.0000000000000003854941057726264));
#1024 = VECTOR('NONE', #1023, 1);
#1025 = CARTESIAN_POINT('NONE', (-0.0090000000000003, -0.172, -0.029));
#1026 = LINE('NONE', #1025, #1024);
#1027 = DIRECTION('NONE', (-1, 0, 0.0000000000000003854941057726264));
#1028 = VECTOR('NONE', #1027, 1);
#1029 = CARTESIAN_POINT('NONE', (0.00899999999999958, -0.202, -0.02900000000000001));
#1030 = LINE('NONE', #1029, #1028);
#1031 = DIRECTION('NONE', (0, -1, 0));
#1032 = VECTOR('NONE', #1031, 1);
#1033 = CARTESIAN_POINT('NONE', (0.009, -0.172, -0.011));
#1034 = LINE('NONE', #1033, #1032);
#1035 = DIRECTION('NONE', (0.0000000000000017763568394002489, -0.000000000000042632564145605973, 1));
#1036 = DIRECTION('NONE', (0.00000000000003430803818635437, 1, 0.00000000000004263256414560591));
#1037 = CARTESIAN_POINT('NONE', (0.008999999999999996, -0.2019999999999999, -0.013000000000000001));
#1038 = AXIS2_PLACEMENT_3D('NONE', #1037, #1036, #1035);
#1039 = CIRCLE('NONE', #1038, 0.0020000000000000018);
#1040 = DIRECTION('NONE', (0, 1, 0));
#1041 = VECTOR('NONE', #1040, 1);
#1042 = CARTESIAN_POINT('NONE', (0.011000000000000001, -0.202, -0.013));
#1043 = LINE('NONE', #1042, #1041);
#1044 = DIRECTION('NONE', (1, 0.0000000000000426325641456059, 0.0000000000000008881784197001229));
#1045 = DIRECTION('NONE', (0.000000000000042632564145605866, -1, 0.00000000000003430803818635439));
#1046 = CARTESIAN_POINT('NONE', (0.008999999999999996, -0.1720000000000001, -0.013000000000000001));
#1047 = AXIS2_PLACEMENT_3D('NONE', #1046, #1045, #1044);
#1048 = CIRCLE('NONE', #1047, 0.0020000000000000052);
#1049 = DIRECTION('NONE', (-1, 0, 0));
#1050 = VECTOR('NONE', #1049, 1);
#1051 = CARTESIAN_POINT('NONE', (0.009, -0.172, -0.011));
#1052 = LINE('NONE', #1051, #1050);
#1053 = DIRECTION('NONE', (1, 0.0000000000000015419764230904952, 0));
#1054 = VECTOR('NONE', #1053, 1);
#1055 = CARTESIAN_POINT('NONE', (-0.009, -0.20200000000000004, -0.011));
#1056 = LINE('NONE', #1055, #1054);
#1057 = DIRECTION('NONE', (0, -0.000000000000001982541115402123, 1));
#1058 = VECTOR('NONE', #1057, 1);
#1059 = CARTESIAN_POINT('NONE', (0.010999999999999998, -0.17199999999999996, -0.027000000000001783));
#1060 = LINE('NONE', #1059, #1058);
#1061 = DIRECTION('NONE', (-0.0000000000000002478176394252654, 0, -1));
#1062 = VECTOR('NONE', #1061, 1);
#1063 = CARTESIAN_POINT('NONE', (0.011, -0.202, -0.013000000000002216));
#1064 = LINE('NONE', #1063, #1062);
#1065 = EDGE_CURVE('NONE', #6, #8, #138, .T.);
#1066 = EDGE_CURVE('NONE', #8, #10, #143, .T.);
#1067 = EDGE_CURVE('NONE', #10, #12, #147, .T.);
#1068 = EDGE_CURVE('NONE', #12, #6, #152, .T.);
#1069 = EDGE_CURVE('NONE', #14, #16, #156, .T.);
#1070 = EDGE_CURVE('NONE', #16, #18, #161, .T.);
#1071 = EDGE_CURVE('NONE', #18, #20, #165, .T.);
#1072 = EDGE_CURVE('NONE', #20, #14, #170, .T.);
#1073 = EDGE_CURVE('NONE', #12, #14, #174, .T.);
#1074 = EDGE_CURVE('NONE', #16, #10, #178, .T.);
#1075 = EDGE_CURVE('NONE', #22, #24, #182, .T.);
#1076 = EDGE_CURVE('NONE', #24, #26, #187, .T.);
#1077 = EDGE_CURVE('NONE', #26, #28, #191, .T.);
#1078 = EDGE_CURVE('NONE', #28, #22, #196, .T.);
#1079 = EDGE_CURVE('NONE', #20, #22, #200, .T.);
#1080 = EDGE_CURVE('NONE', #24, #18, #204, .T.);
#1081 = EDGE_CURVE('NONE', #30, #32, #208, .T.);
#1082 = EDGE_CURVE('NONE', #32, #34, #213, .T.);
#1083 = EDGE_CURVE('NONE', #34, #36, #217, .T.);
#1084 = EDGE_CURVE('NONE', #36, #30, #222, .T.);
#1085 = EDGE_CURVE('NONE', #30, #6, #226, .T.);
#1086 = EDGE_CURVE('NONE', #8, #32, #230, .T.);
#1087 = EDGE_CURVE('NONE', #28, #36, #234, .T.);
#1088 = EDGE_CURVE('NONE', #34, #26, #238, .T.);
#1089 = EDGE_CURVE('NONE', #38, #38, #243, .T.);
#1090 = EDGE_CURVE('NONE', #40, #40, #248, .T.);
#1091 = EDGE_CURVE('NONE', #40, #42, #253, .T.);
#1092 = EDGE_CURVE('NONE', #42, #42, #258, .T.);
#1093 = EDGE_CURVE('NONE', #40, #38, #262, .T.);
#1094 = EDGE_CURVE('NONE', #44, #46, #266, .T.);
#1095 = EDGE_CURVE('NONE', #46, #48, #271, .T.);
#1096 = EDGE_CURVE('NONE', #48, #50, #275, .T.);
#1097 = EDGE_CURVE('NONE', #50, #44, #280, .T.);
#1098 = EDGE_CURVE('NONE', #52, #54, #284, .T.);
#1099 = EDGE_CURVE('NONE', #54, #56, #289, .T.);
#1100 = EDGE_CURVE('NONE', #56, #58, #293, .T.);
#1101 = EDGE_CURVE('NONE', #58, #52, #298, .T.);
#1102 = EDGE_CURVE('NONE', #50, #52, #302, .T.);
#1103 = EDGE_CURVE('NONE', #54, #48, #306, .T.);
#1104 = EDGE_CURVE('NONE', #60, #62, #310, .T.);
#1105 = EDGE_CURVE('NONE', #62, #64, #315, .T.);
#1106 = EDGE_CURVE('NONE', #64, #66, #319, .T.);
#1107 = EDGE_CURVE('NONE', #66, #60, #324, .T.);
#1108 = EDGE_CURVE('NONE', #58, #60, #328, .T.);
#1109 = EDGE_CURVE('NONE', #62, #56, #332, .T.);
#1110 = EDGE_CURVE('NONE', #68, #70, #336, .T.);
#1111 = EDGE_CURVE('NONE', #70, #72, #341, .T.);
#1112 = EDGE_CURVE('NONE', #72, #74, #345, .T.);
#1113 = EDGE_CURVE('NONE', #74, #68, #350, .T.);
#1114 = EDGE_CURVE('NONE', #68, #44, #354, .T.);
#1115 = EDGE_CURVE('NONE', #46, #70, #358, .T.);
#1116 = EDGE_CURVE('NONE', #66, #74, #362, .T.);
#1117 = EDGE_CURVE('NONE', #72, #64, #366, .T.);
#1118 = EDGE_CURVE('NONE', #76, #76, #371, .T.);
#1119 = EDGE_CURVE('NONE', #78, #78, #376, .T.);
#1120 = EDGE_CURVE('NONE', #78, #80, #381, .T.);
#1121 = EDGE_CURVE('NONE', #80, #80, #386, .T.);
#1122 = EDGE_CURVE('NONE', #78, #76, #390, .T.);
#1123 = EDGE_CURVE('NONE', #82, #82, #395, .T.);
#1124 = EDGE_CURVE('NONE', #82, #84, #399, .T.);
#1125 = EDGE_CURVE('NONE', #84, #84, #404, .T.);
#1126 = EDGE_CURVE('NONE', #88, #88, #654, .T.);
#1127 = EDGE_CURVE('NONE', #88, #86, #658, .T.);
#1128 = EDGE_CURVE('NONE', #86, #86, #663, .T.);
#1129 = EDGE_CURVE('NONE', #90, #90, #668, .T.);
#1130 = EDGE_CURVE('NONE', #90, #92, #672, .T.);
#1131 = EDGE_CURVE('NONE', #92, #92, #677, .T.);
#1132 = EDGE_CURVE('NONE', #96, #96, #927, .T.);
#1133 = EDGE_CURVE('NONE', #96, #94, #931, .T.);
#1134 = EDGE_CURVE('NONE', #94, #94, #936, .T.);
#1135 = EDGE_CURVE('NONE', #98, #98, #941, .T.);
#1136 = EDGE_CURVE('NONE', #100, #100, #946, .T.);
#1137 = EDGE_CURVE('NONE', #100, #102, #951, .T.);
#1138 = EDGE_CURVE('NONE', #102, #102, #956, .T.);
#1139 = EDGE_CURVE('NONE', #100, #98, #960, .T.);
#1140 = EDGE_CURVE('NONE', #104, #106, #964, .T.);
#1141 = EDGE_CURVE('NONE', #106, #108, #969, .T.);
#1142 = EDGE_CURVE('NONE', #108, #110, #973, .T.);
#1143 = EDGE_CURVE('NONE', #110, #104, #978, .T.);
#1144 = EDGE_CURVE('NONE', #112, #114, #982, .T.);
#1145 = EDGE_CURVE('NONE', #114, #116, #987, .T.);
#1146 = EDGE_CURVE('NONE', #116, #118, #991, .T.);
#1147 = EDGE_CURVE('NONE', #118, #112, #996, .T.);
#1148 = EDGE_CURVE('NONE', #110, #112, #1000, .T.);
#1149 = EDGE_CURVE('NONE', #114, #108, #1004, .T.);
#1150 = EDGE_CURVE('NONE', #120, #122, #1008, .T.);
#1151 = EDGE_CURVE('NONE', #122, #124, #1013, .T.);
#1152 = EDGE_CURVE('NONE', #124, #126, #1017, .T.);
#1153 = EDGE_CURVE('NONE', #126, #120, #1022, .T.);
#1154 = EDGE_CURVE('NONE', #118, #120, #1026, .T.);
#1155 = EDGE_CURVE('NONE', #122, #116, #1030, .T.);
#1156 = EDGE_CURVE('NONE', #128, #130, #1034, .T.);
#1157 = EDGE_CURVE('NONE', #130, #132, #1039, .T.);
#1158 = EDGE_CURVE('NONE', #132, #134, #1043, .T.);
#1159 = EDGE_CURVE('NONE', #134, #128, #1048, .T.);
#1160 = EDGE_CURVE('NONE', #128, #104, #1052, .T.);
#1161 = EDGE_CURVE('NONE', #106, #130, #1056, .T.);
#1162 = EDGE_CURVE('NONE', #126, #134, #1060, .T.);
#1163 = EDGE_CURVE('NONE', #132, #124, #1064, .T.);
#1164 = CARTESIAN_POINT('NONE', (0, 0.006, 0.06));
#1165 = DIRECTION('NONE', (0, 0, 1));
#1166 = AXIS2_PLACEMENT_3D('NONE', #1164, #1165, $);
#1167 = PLANE('NONE', #1166);
#1168 = CARTESIAN_POINT('NONE', (0.06, 0.006, -0));
#1169 = DIRECTION('NONE', (1, 0, 0));
#1170 = AXIS2_PLACEMENT_3D('NONE', #1168, #1169, $);
#1171 = PLANE('NONE', #1170);
#1172 = CARTESIAN_POINT('NONE', (0.000000000000000007105427357601002, 0.006, -0.06));
#1173 = DIRECTION('NONE', (0, -0, -1));
#1174 = AXIS2_PLACEMENT_3D('NONE', #1172, #1173, $);
#1175 = PLANE('NONE', #1174);
#1176 = CARTESIAN_POINT('NONE', (-0.06, 0.006, -0.000000000000000007105427357601002));
#1177 = DIRECTION('NONE', (-1, 0, 0));
#1178 = AXIS2_PLACEMENT_3D('NONE', #1176, #1177, $);
#1179 = PLANE('NONE', #1178);
#1180 = CARTESIAN_POINT('NONE', (0, 0, -0));
#1181 = DIRECTION('NONE', (0, 1, 0));
#1182 = AXIS2_PLACEMENT_3D('NONE', #1180, #1181, $);
#1183 = PLANE('NONE', #1182);
#1184 = CARTESIAN_POINT('NONE', (0, 0.012, -0));
#1185 = DIRECTION('NONE', (0, 1, 0));
#1186 = AXIS2_PLACEMENT_3D('NONE', #1184, #1185, $);
#1187 = PLANE('NONE', #1186);
#1188 = CARTESIAN_POINT('NONE', (0.052000000000000005, 0.0059999999999999975, 0.05200000000000002));
#1189 = DIRECTION('NONE', (-0.00000000000000026803154833089246, 1, -0.0000000000000003330669073875481));
#1190 = DIRECTION('NONE', (-0.0000000000000008881784197001276, 0.00000000000000033306690738754785, 1));
#1191 = AXIS2_PLACEMENT_3D('NONE', #1188, #1189, #1190);
#1192 = CYLINDRICAL_SURFACE('NONE', #1191, 0.00799999999999998);
#1193 = CARTESIAN_POINT('NONE', (0.052000000000000025, 0.0059999999999999975, -0.052000000000000005));
#1194 = DIRECTION('NONE', (-0.0000000000000003330669073875481, 1, 0.00000000000000026803154833089246));
#1195 = DIRECTION('NONE', (1, 0.00000000000000033306690738754785, 0.0000000000000008881784197001276));
#1196 = AXIS2_PLACEMENT_3D('NONE', #1193, #1194, #1195);
#1197 = CYLINDRICAL_SURFACE('NONE', #1196, 0.00799999999999998);
#1198 = CARTESIAN_POINT('NONE', (-0.052, 0.006000000000000003, -0.05200000000000002));
#1199 = DIRECTION('NONE', (-0.0000000000000002680315483308922, 1, -0.0000000000000003330669073875475));
#1200 = DIRECTION('NONE', (0.000000000000000888178419700126, -0.00000000000000033306690738754726, -1));
#1201 = AXIS2_PLACEMENT_3D('NONE', #1198, #1199, #1200);
#1202 = CYLINDRICAL_SURFACE('NONE', #1201, 0.007999999999999993);
#1203 = CARTESIAN_POINT('NONE', (-0.052000000000000005, 0.006000000000000003, 0.05200000000000002));
#1204 = DIRECTION('NONE', (0.00000000000000026803154833089246, -1, -0.0000000000000003330669073875481));
#1205 = DIRECTION('NONE', (0.0000000000000008881784197001276, -0.00000000000000033306690738754785, 1));
#1206 = AXIS2_PLACEMENT_3D('NONE', #1203, #1204, #1205);
#1207 = CYLINDRICAL_SURFACE('NONE', #1206, 0.00799999999999998);
#1208 = CARTESIAN_POINT('NONE', (0, 0.014, 0));
#1209 = DIRECTION('NONE', (0, 1, 0));
#1210 = DIRECTION('NONE', (1, 0, -0));
#1211 = AXIS2_PLACEMENT_3D('NONE', #1208, #1209, #1210);
#1212 = CYLINDRICAL_SURFACE('NONE', #1211, 0.0475);
#1213 = CARTESIAN_POINT('NONE', (0, 0.016, -0));
#1214 = DIRECTION('NONE', (0, 1, 0));
#1215 = AXIS2_PLACEMENT_3D('NONE', #1213, #1214, $);
#1216 = PLANE('NONE', #1215);
#1217 = CARTESIAN_POINT('NONE', (0, 0.012999999999999989, 0));
#1218 = DIRECTION('NONE', (0, 1, 0));
#1219 = DIRECTION('NONE', (1, 0, -0.00000000000000000024308539075874333));
#1220 = AXIS2_PLACEMENT_3D('NONE', #1217, #1218, #1219);
#1221 = TOROIDAL_SURFACE('NONE', #1220, 0.048499999999999995, 0.0009999999999999929);
#1222 = CARTESIAN_POINT('NONE', (0, -0.08, 0.045));
#1223 = DIRECTION('NONE', (-0, -0, 1));
#1224 = AXIS2_PLACEMENT_3D('NONE', #1222, #1223, $);
#1225 = PLANE('NONE', #1224);
#1226 = CARTESIAN_POINT('NONE', (-0.045, -0.08, -0));
#1227 = DIRECTION('NONE', (-1, 0, -0));
#1228 = AXIS2_PLACEMENT_3D('NONE', #1226, #1227, $);
#1229 = PLANE('NONE', #1228);
#1230 = CARTESIAN_POINT('NONE', (-0.000000000000000007105427357601002, -0.08, -0.045));
#1231 = DIRECTION('NONE', (-0, 0, -1));
#1232 = AXIS2_PLACEMENT_3D('NONE', #1230, #1231, $);
#1233 = PLANE('NONE', #1232);
#1234 = CARTESIAN_POINT('NONE', (0.045, -0.08, -0.000000000000000007105427357601002));
#1235 = DIRECTION('NONE', (1, 0, -0));
#1236 = AXIS2_PLACEMENT_3D('NONE', #1234, #1235, $);
#1237 = PLANE('NONE', #1236);
#1238 = CARTESIAN_POINT('NONE', (0, -0.16, -0));
#1239 = DIRECTION('NONE', (0, -1, -0));
#1240 = AXIS2_PLACEMENT_3D('NONE', #1238, #1239, $);
#1241 = PLANE('NONE', #1240);
#1242 = CARTESIAN_POINT('NONE', (-0.039, -0.08, 0.039));
#1243 = DIRECTION('NONE', (-0, -1, 0));
#1244 = DIRECTION('NONE', (0, 0, 1));
#1245 = AXIS2_PLACEMENT_3D('NONE', #1242, #1243, #1244);
#1246 = CYLINDRICAL_SURFACE('NONE', #1245, 0.006);
#1247 = CARTESIAN_POINT('NONE', (-0.039, -0.08, -0.039));
#1248 = DIRECTION('NONE', (0, -1, -0));
#1249 = DIRECTION('NONE', (-1, 0, -0));
#1250 = AXIS2_PLACEMENT_3D('NONE', #1247, #1248, #1249);
#1251 = CYLINDRICAL_SURFACE('NONE', #1250, 0.006000000000000007);
#1252 = CARTESIAN_POINT('NONE', (0.03899999999999999, -0.08, -0.03900000000000003));
#1253 = DIRECTION('NONE', (0, -1, 0));
#1254 = DIRECTION('NONE', (0, 0, -1));
#1255 = AXIS2_PLACEMENT_3D('NONE', #1252, #1253, #1254);
#1256 = CYLINDRICAL_SURFACE('NONE', #1255, 0.005999999999999985);
#1257 = CARTESIAN_POINT('NONE', (0.039, -0.08, 0.039));
#1258 = DIRECTION('NONE', (-0, 1, 0));
#1259 = DIRECTION('NONE', (0, 0, 1));
#1260 = AXIS2_PLACEMENT_3D('NONE', #1257, #1258, #1259);
#1261 = CYLINDRICAL_SURFACE('NONE', #1260, 0.006);
#1262 = CARTESIAN_POINT('NONE', (0, 0.032, 0));
#1263 = DIRECTION('NONE', (0, 1, 0));
#1264 = DIRECTION('NONE', (1, 0, -0));
#1265 = AXIS2_PLACEMENT_3D('NONE', #1262, #1263, #1264);
#1266 = CYLINDRICAL_SURFACE('NONE', #1265, 0.011);
#1267 = CARTESIAN_POINT('NONE', (0, 0.052, -0));
#1268 = DIRECTION('NONE', (0, 1, 0));
#1269 = AXIS2_PLACEMENT_3D('NONE', #1267, #1268, $);
#1270 = PLANE('NONE', #1269);
#1271 = CARTESIAN_POINT('NONE', (0, 0.01275, 0));
#1272 = DIRECTION('NONE', (-0, 1, 0));
#1273 = DIRECTION('NONE', (1, 0, 0.0000000000000000011178487203416956));
#1274 = AXIS2_PLACEMENT_3D('NONE', #1271, #1272, #1273);
#1275 = TOROIDAL_SURFACE('NONE', #1274, 0.01175, 0.00075);
#1276 = CARTESIAN_POINT('NONE', (0.05, 0.005499499999999999, 0));
#1277 = DIRECTION('NONE', (0, 1, 0));
#1278 = DIRECTION('NONE', (1, 0, -0));
#1279 = AXIS2_PLACEMENT_3D('NONE', #1276, #1277, #1278);
#1280 = CYLINDRICAL_SURFACE('NONE', #1279, 0.00525);
#1281 = CARTESIAN_POINT('NONE', (0, -0.0010009999999999995, -0));
#1282 = DIRECTION('NONE', (0, 1, 0));
#1283 = AXIS2_PLACEMENT_3D('NONE', #1281, #1282, $);
#1284 = PLANE('NONE', #1283);
#1285 = CARTESIAN_POINT('NONE', (0.000000000000000007105427357601002, 0.0054995, -0.049999999999999996));
#1286 = DIRECTION('NONE', (0, 1, 0));
#1287 = DIRECTION('NONE', (-0.000000000000000709017252372654, 0, -1));
#1288 = AXIS2_PLACEMENT_3D('NONE', #1285, #1286, #1287);
#1289 = CYLINDRICAL_SURFACE('NONE', #1288, 0.005250000000000007);
#1290 = CARTESIAN_POINT('NONE', (-0.049999999999999996, 0.005499499999999999, -0.000000000000000021316282072803006));
#1291 = DIRECTION('NONE', (0, 1, -0));
#1292 = DIRECTION('NONE', (-1, 0, 0.0000000000000027714492395264494));
#1293 = AXIS2_PLACEMENT_3D('NONE', #1290, #1291, #1292);
#1294 = CYLINDRICAL_SURFACE('NONE', #1293, 0.005250000000000007);
#1295 = CARTESIAN_POINT('NONE', (0, -0.0010009999999999995, -0));
#1296 = DIRECTION('NONE', (0, 1, 0));
#1297 = AXIS2_PLACEMENT_3D('NONE', #1295, #1296, $);
#1298 = PLANE('NONE', #1297);
#1299 = CARTESIAN_POINT('NONE', (-0.000000000000000021316282072803006, 0.0054995, 0.049999999999999996));
#1300 = DIRECTION('NONE', (-0, 1, 0));
#1301 = DIRECTION('NONE', (0.000000000000002127051757117962, 0, 1));
#1302 = AXIS2_PLACEMENT_3D('NONE', #1299, #1300, #1301);
#1303 = CYLINDRICAL_SURFACE('NONE', #1302, 0.005250000000000007);
#1304 = CARTESIAN_POINT('NONE', (-0.0000000000000000012560739669470202, -0.166, -0.00000000000000000125607396694702));
#1305 = DIRECTION('NONE', (-0, -1, 0));
#1306 = DIRECTION('NONE', (-1, 0, 0.000000000000000035887827627057714));
#1307 = AXIS2_PLACEMENT_3D('NONE', #1304, #1305, #1306);
#1308 = CYLINDRICAL_SURFACE('NONE', #1307, 0.035);
#1309 = CARTESIAN_POINT('NONE', (0, -0.172, -0));
#1310 = DIRECTION('NONE', (0, -1, -0));
#1311 = AXIS2_PLACEMENT_3D('NONE', #1309, #1310, $);
#1312 = PLANE('NONE', #1311);
#1313 = CARTESIAN_POINT('NONE', (0, -0.161, -0));
#1314 = DIRECTION('NONE', (0, -1, -0));
#1315 = DIRECTION('NONE', (-1, 0, -0));
#1316 = AXIS2_PLACEMENT_3D('NONE', #1313, #1314, #1315);
#1317 = TOROIDAL_SURFACE('NONE', #1316, 0.03599999999999998, 0.0009999999999999857);
#1318 = CARTESIAN_POINT('NONE', (0, -0.187, -0.011));
#1319 = DIRECTION('NONE', (-0, -0, 1));
#1320 = AXIS2_PLACEMENT_3D('NONE', #1318, #1319, $);
#1321 = PLANE('NONE', #1320);
#1322 = CARTESIAN_POINT('NONE', (-0.011, -0.187, -0.02));
#1323 = DIRECTION('NONE', (-1, 0, -0));
#1324 = AXIS2_PLACEMENT_3D('NONE', #1322, #1323, $);
#1325 = PLANE('NONE', #1324);
#1326 = CARTESIAN_POINT('NONE', (-0.0000000000000000017763568394002505, -0.187, -0.029));
#1327 = DIRECTION('NONE', (-0, 0, -1));
#1328 = AXIS2_PLACEMENT_3D('NONE', #1326, #1327, $);
#1329 = PLANE('NONE', #1328);
#1330 = CARTESIAN_POINT('NONE', (0.011, -0.187, -0.02));
#1331 = DIRECTION('NONE', (1, 0, -0));
#1332 = AXIS2_PLACEMENT_3D('NONE', #1330, #1331, $);
#1333 = PLANE('NONE', #1332);
#1334 = CARTESIAN_POINT('NONE', (0, -0.202, -0));
#1335 = DIRECTION('NONE', (0, -1, -0));
#1336 = AXIS2_PLACEMENT_3D('NONE', #1334, #1335, $);
#1337 = PLANE('NONE', #1336);
#1338 = CARTESIAN_POINT('NONE', (-0.008999999999999996, -0.18699999999999992, -0.013000000000000001));
#1339 = DIRECTION('NONE', (0.00000000000003430803818635437, -1, -0.00000000000004263256414560591));
#1340 = DIRECTION('NONE', (-0.0000000000000017763568394002489, -0.000000000000042632564145605973, 1));
#1341 = AXIS2_PLACEMENT_3D('NONE', #1338, #1339, #1340);
#1342 = CYLINDRICAL_SURFACE('NONE', #1341, 0.0020000000000000018);
#1343 = CARTESIAN_POINT('NONE', (-0.009000000000000005, -0.18699999999999992, -0.027000000000000003));
#1344 = DIRECTION('NONE', (0.00000000000004263256414560615, -1, 0.00000000000003430803818635425));
#1345 = DIRECTION('NONE', (-1, -0.00000000000004263256414560609, 0.0000000000000017763568394002536));
#1346 = AXIS2_PLACEMENT_3D('NONE', #1343, #1344, #1345);
#1347 = CYLINDRICAL_SURFACE('NONE', #1346, 0.0019999999999999966);
#1348 = CARTESIAN_POINT('NONE', (0.009000000000000003, -0.187, -0.027000000000000007));
#1349 = DIRECTION('NONE', (0, -1, -0));
#1350 = DIRECTION('NONE', (-0.0000000000000026645352591003804, 0, -1));
#1351 = AXIS2_PLACEMENT_3D('NONE', #1348, #1349, #1350);
#1352 = CYLINDRICAL_SURFACE('NONE', #1351, 0.0019999999999999966);
#1353 = CARTESIAN_POINT('NONE', (0.008999999999999996, -0.187, -0.013000000000000001));
#1354 = DIRECTION('NONE', (-0, 1, 0));
#1355 = DIRECTION('NONE', (0.0000000000000017763568394002489, 0, 1));
#1356 = AXIS2_PLACEMENT_3D('NONE', #1353, #1354, #1355);
#1357 = CYLINDRICAL_SURFACE('NONE', #1356, 0.0020000000000000018);
#1358 = ORIENTED_EDGE('NONE', *, *, #1085, .T.);
#1359 = ORIENTED_EDGE('NONE', *, *, #1065, .T.);
#1360 = ORIENTED_EDGE('NONE', *, *, #1086, .T.);
#1361 = ORIENTED_EDGE('NONE', *, *, #1081, .F.);
#1362 = EDGE_LOOP('NONE', (#1358, #1359, #1360, #1361));
#1363 = FACE_BOUND('NONE', #1362, .T.);
#1364 = ADVANCED_FACE('NONE', (#1363), #1167, .T.);
#1365 = ORIENTED_EDGE('NONE', *, *, #1073, .T.);
#1366 = ORIENTED_EDGE('NONE', *, *, #1069, .T.);
#1367 = ORIENTED_EDGE('NONE', *, *, #1074, .T.);
#1368 = ORIENTED_EDGE('NONE', *, *, #1067, .T.);
#1369 = EDGE_LOOP('NONE', (#1365, #1366, #1367, #1368));
#1370 = FACE_BOUND('NONE', #1369, .T.);
#1371 = ADVANCED_FACE('NONE', (#1370), #1171, .T.);
#1372 = ORIENTED_EDGE('NONE', *, *, #1079, .T.);
#1373 = ORIENTED_EDGE('NONE', *, *, #1075, .T.);
#1374 = ORIENTED_EDGE('NONE', *, *, #1080, .T.);
#1375 = ORIENTED_EDGE('NONE', *, *, #1071, .T.);
#1376 = EDGE_LOOP('NONE', (#1372, #1373, #1374, #1375));
#1377 = FACE_BOUND('NONE', #1376, .T.);
#1378 = ADVANCED_FACE('NONE', (#1377), #1175, .T.);
#1379 = ORIENTED_EDGE('NONE', *, *, #1087, .T.);
#1380 = ORIENTED_EDGE('NONE', *, *, #1083, .F.);
#1381 = ORIENTED_EDGE('NONE', *, *, #1088, .T.);
#1382 = ORIENTED_EDGE('NONE', *, *, #1077, .T.);
#1383 = EDGE_LOOP('NONE', (#1379, #1380, #1381, #1382));
#1384 = FACE_BOUND('NONE', #1383, .T.);
#1385 = ADVANCED_FACE('NONE', (#1384), #1179, .T.);
#1386 = ORIENTED_EDGE('NONE', *, *, #1087, .F.);
#1387 = ORIENTED_EDGE('NONE', *, *, #1078, .T.);
#1388 = ORIENTED_EDGE('NONE', *, *, #1079, .F.);
#1389 = ORIENTED_EDGE('NONE', *, *, #1072, .T.);
#1390 = ORIENTED_EDGE('NONE', *, *, #1073, .F.);
#1391 = ORIENTED_EDGE('NONE', *, *, #1068, .T.);
#1392 = ORIENTED_EDGE('NONE', *, *, #1085, .F.);
#1393 = ORIENTED_EDGE('NONE', *, *, #1084, .F.);
#1394 = ORIENTED_EDGE('NONE', *, *, #1116, .F.);
#1395 = ORIENTED_EDGE('NONE', *, *, #1107, .T.);
#1396 = ORIENTED_EDGE('NONE', *, *, #1108, .F.);
#1397 = ORIENTED_EDGE('NONE', *, *, #1101, .T.);
#1398 = ORIENTED_EDGE('NONE', *, *, #1102, .F.);
#1399 = ORIENTED_EDGE('NONE', *, *, #1097, .T.);
#1400 = ORIENTED_EDGE('NONE', *, *, #1114, .F.);
#1401 = ORIENTED_EDGE('NONE', *, *, #1113, .F.);
#1402 = ORIENTED_EDGE('NONE', *, *, #1126, .T.);
#1403 = ORIENTED_EDGE('NONE', *, *, #1132, .T.);
#1404 = EDGE_LOOP('NONE', (#1386, #1387, #1388, #1389, #1390, #1391, #1392, #1393));
#1405 = FACE_BOUND('NONE', #1404, .T.);
#1406 = EDGE_LOOP('NONE', (#1394, #1395, #1396, #1397, #1398, #1399, #1400, #1401));
#1407 = FACE_BOUND('NONE', #1406, .T.);
#1408 = EDGE_LOOP('NONE', (#1402));
#1409 = FACE_BOUND('NONE', #1408, .T.);
#1410 = EDGE_LOOP('NONE', (#1403));
#1411 = FACE_BOUND('NONE', #1410, .T.);
#1412 = ADVANCED_FACE('NONE', (#1405, #1407, #1409, #1411), #1183, .F.);
#1413 = ORIENTED_EDGE('NONE', *, *, #1082, .F.);
#1414 = ORIENTED_EDGE('NONE', *, *, #1086, .F.);
#1415 = ORIENTED_EDGE('NONE', *, *, #1066, .T.);
#1416 = ORIENTED_EDGE('NONE', *, *, #1074, .F.);
#1417 = ORIENTED_EDGE('NONE', *, *, #1070, .T.);
#1418 = ORIENTED_EDGE('NONE', *, *, #1080, .F.);
#1419 = ORIENTED_EDGE('NONE', *, *, #1076, .T.);
#1420 = ORIENTED_EDGE('NONE', *, *, #1088, .F.);
#1421 = ORIENTED_EDGE('NONE', *, *, #1092, .T.);
#1422 = ORIENTED_EDGE('NONE', *, *, #1121, .T.);
#1423 = ORIENTED_EDGE('NONE', *, *, #1125, .F.);
#1424 = ORIENTED_EDGE('NONE', *, *, #1128, .F.);
#1425 = ORIENTED_EDGE('NONE', *, *, #1131, .F.);
#1426 = ORIENTED_EDGE('NONE', *, *, #1134, .F.);
#1427 = EDGE_LOOP('NONE', (#1413, #1414, #1415, #1416, #1417, #1418, #1419, #1420));
#1428 = FACE_BOUND('NONE', #1427, .T.);
#1429 = EDGE_LOOP('NONE', (#1421));
#1430 = FACE_BOUND('NONE', #1429, .T.);
#1431 = EDGE_LOOP('NONE', (#1422));
#1432 = FACE_BOUND('NONE', #1431, .T.);
#1433 = EDGE_LOOP('NONE', (#1423));
#1434 = FACE_BOUND('NONE', #1433, .T.);
#1435 = EDGE_LOOP('NONE', (#1424));
#1436 = FACE_BOUND('NONE', #1435, .T.);
#1437 = EDGE_LOOP('NONE', (#1425));
#1438 = FACE_BOUND('NONE', #1437, .T.);
#1439 = EDGE_LOOP('NONE', (#1426));
#1440 = FACE_BOUND('NONE', #1439, .T.);
#1441 = ADVANCED_FACE('NONE', (#1428, #1430, #1432, #1434, #1436, #1438, #1440), #1187, .T.);
#1442 = ORIENTED_EDGE('NONE', *, *, #1068, .F.);
#1443 = ORIENTED_EDGE('NONE', *, *, #1067, .F.);
#1444 = ORIENTED_EDGE('NONE', *, *, #1066, .F.);
#1445 = ORIENTED_EDGE('NONE', *, *, #1065, .F.);
#1446 = EDGE_LOOP('NONE', (#1442, #1443, #1444, #1445));
#1447 = FACE_BOUND('NONE', #1446, .T.);
#1448 = ADVANCED_FACE('NONE', (#1447), #1192, .T.);
#1449 = ORIENTED_EDGE('NONE', *, *, #1072, .F.);
#1450 = ORIENTED_EDGE('NONE', *, *, #1071, .F.);
#1451 = ORIENTED_EDGE('NONE', *, *, #1070, .F.);
#1452 = ORIENTED_EDGE('NONE', *, *, #1069, .F.);
#1453 = EDGE_LOOP('NONE', (#1449, #1450, #1451, #1452));
#1454 = FACE_BOUND('NONE', #1453, .T.);
#1455 = ADVANCED_FACE('NONE', (#1454), #1197, .T.);
#1456 = ORIENTED_EDGE('NONE', *, *, #1078, .F.);
#1457 = ORIENTED_EDGE('NONE', *, *, #1077, .F.);
#1458 = ORIENTED_EDGE('NONE', *, *, #1076, .F.);
#1459 = ORIENTED_EDGE('NONE', *, *, #1075, .F.);
#1460 = EDGE_LOOP('NONE', (#1456, #1457, #1458, #1459));
#1461 = FACE_BOUND('NONE', #1460, .T.);
#1462 = ADVANCED_FACE('NONE', (#1461), #1202, .T.);
#1463 = ORIENTED_EDGE('NONE', *, *, #1081, .T.);
#1464 = ORIENTED_EDGE('NONE', *, *, #1082, .T.);
#1465 = ORIENTED_EDGE('NONE', *, *, #1083, .T.);
#1466 = ORIENTED_EDGE('NONE', *, *, #1084, .T.);
#1467 = EDGE_LOOP('NONE', (#1463, #1464, #1465, #1466));
#1468 = FACE_BOUND('NONE', #1467, .T.);
#1469 = ADVANCED_FACE('NONE', (#1468), #1207, .T.);
#1470 = ORIENTED_EDGE('NONE', *, *, #1090, .T.);
#1471 = ORIENTED_EDGE('NONE', *, *, #1089, .F.);
#1472 = EDGE_LOOP('NONE', (#1470));
#1473 = FACE_BOUND('NONE', #1472, .T.);
#1474 = EDGE_LOOP('NONE', (#1471));
#1475 = FACE_BOUND('NONE', #1474, .T.);
#1476 = ADVANCED_FACE('NONE', (#1473, #1475), #1212, .T.);
#1477 = ORIENTED_EDGE('NONE', *, *, #1089, .T.);
#1478 = EDGE_LOOP('NONE', (#1477));
#1479 = FACE_BOUND('NONE', #1478, .T.);
#1480 = ADVANCED_FACE('NONE', (#1479), #1216, .T.);
#1481 = ORIENTED_EDGE('NONE', *, *, #1090, .F.);
#1482 = ORIENTED_EDGE('NONE', *, *, #1092, .F.);
#1483 = EDGE_LOOP('NONE', (#1481));
#1484 = FACE_BOUND('NONE', #1483, .T.);
#1485 = EDGE_LOOP('NONE', (#1482));
#1486 = FACE_BOUND('NONE', #1485, .T.);
#1487 = ADVANCED_FACE('NONE', (#1484, #1486), #1221, .F.);
#1488 = ORIENTED_EDGE('NONE', *, *, #1114, .T.);
#1489 = ORIENTED_EDGE('NONE', *, *, #1094, .T.);
#1490 = ORIENTED_EDGE('NONE', *, *, #1115, .T.);
#1491 = ORIENTED_EDGE('NONE', *, *, #1110, .F.);
#1492 = EDGE_LOOP('NONE', (#1488, #1489, #1490, #1491));
#1493 = FACE_BOUND('NONE', #1492, .T.);
#1494 = ADVANCED_FACE('NONE', (#1493), #1225, .T.);
#1495 = ORIENTED_EDGE('NONE', *, *, #1102, .T.);
#1496 = ORIENTED_EDGE('NONE', *, *, #1098, .T.);
#1497 = ORIENTED_EDGE('NONE', *, *, #1103, .T.);
#1498 = ORIENTED_EDGE('NONE', *, *, #1096, .T.);
#1499 = EDGE_LOOP('NONE', (#1495, #1496, #1497, #1498));
#1500 = FACE_BOUND('NONE', #1499, .T.);
#1501 = ADVANCED_FACE('NONE', (#1500), #1229, .T.);
#1502 = ORIENTED_EDGE('NONE', *, *, #1108, .T.);
#1503 = ORIENTED_EDGE('NONE', *, *, #1104, .T.);
#1504 = ORIENTED_EDGE('NONE', *, *, #1109, .T.);
#1505 = ORIENTED_EDGE('NONE', *, *, #1100, .T.);
#1506 = EDGE_LOOP('NONE', (#1502, #1503, #1504, #1505));
#1507 = FACE_BOUND('NONE', #1506, .T.);
#1508 = ADVANCED_FACE('NONE', (#1507), #1233, .T.);
#1509 = ORIENTED_EDGE('NONE', *, *, #1116, .T.);
#1510 = ORIENTED_EDGE('NONE', *, *, #1112, .F.);
#1511 = ORIENTED_EDGE('NONE', *, *, #1117, .T.);
#1512 = ORIENTED_EDGE('NONE', *, *, #1106, .T.);
#1513 = EDGE_LOOP('NONE', (#1509, #1510, #1511, #1512));
#1514 = FACE_BOUND('NONE', #1513, .T.);
#1515 = ADVANCED_FACE('NONE', (#1514), #1237, .T.);
#1516 = ORIENTED_EDGE('NONE', *, *, #1111, .F.);
#1517 = ORIENTED_EDGE('NONE', *, *, #1115, .F.);
#1518 = ORIENTED_EDGE('NONE', *, *, #1095, .T.);
#1519 = ORIENTED_EDGE('NONE', *, *, #1103, .F.);
#1520 = ORIENTED_EDGE('NONE', *, *, #1099, .T.);
#1521 = ORIENTED_EDGE('NONE', *, *, #1109, .F.);
#1522 = ORIENTED_EDGE('NONE', *, *, #1105, .T.);
#1523 = ORIENTED_EDGE('NONE', *, *, #1117, .F.);
#1524 = ORIENTED_EDGE('NONE', *, *, #1138, .T.);
#1525 = EDGE_LOOP('NONE', (#1516, #1517, #1518, #1519, #1520, #1521, #1522, #1523));
#1526 = FACE_BOUND('NONE', #1525, .T.);
#1527 = EDGE_LOOP('NONE', (#1524));
#1528 = FACE_BOUND('NONE', #1527, .T.);
#1529 = ADVANCED_FACE('NONE', (#1526, #1528), #1241, .T.);
#1530 = ORIENTED_EDGE('NONE', *, *, #1097, .F.);
#1531 = ORIENTED_EDGE('NONE', *, *, #1096, .F.);
#1532 = ORIENTED_EDGE('NONE', *, *, #1095, .F.);
#1533 = ORIENTED_EDGE('NONE', *, *, #1094, .F.);
#1534 = EDGE_LOOP('NONE', (#1530, #1531, #1532, #1533));
#1535 = FACE_BOUND('NONE', #1534, .T.);
#1536 = ADVANCED_FACE('NONE', (#1535), #1246, .T.);
#1537 = ORIENTED_EDGE('NONE', *, *, #1101, .F.);
#1538 = ORIENTED_EDGE('NONE', *, *, #1100, .F.);
#1539 = ORIENTED_EDGE('NONE', *, *, #1099, .F.);
#1540 = ORIENTED_EDGE('NONE', *, *, #1098, .F.);
#1541 = EDGE_LOOP('NONE', (#1537, #1538, #1539, #1540));
#1542 = FACE_BOUND('NONE', #1541, .T.);
#1543 = ADVANCED_FACE('NONE', (#1542), #1251, .T.);
#1544 = ORIENTED_EDGE('NONE', *, *, #1107, .F.);
#1545 = ORIENTED_EDGE('NONE', *, *, #1106, .F.);
#1546 = ORIENTED_EDGE('NONE', *, *, #1105, .F.);
#1547 = ORIENTED_EDGE('NONE', *, *, #1104, .F.);
#1548 = EDGE_LOOP('NONE', (#1544, #1545, #1546, #1547));
#1549 = FACE_BOUND('NONE', #1548, .T.);
#1550 = ADVANCED_FACE('NONE', (#1549), #1256, .T.);
#1551 = ORIENTED_EDGE('NONE', *, *, #1110, .T.);
#1552 = ORIENTED_EDGE('NONE', *, *, #1111, .T.);
#1553 = ORIENTED_EDGE('NONE', *, *, #1112, .T.);
#1554 = ORIENTED_EDGE('NONE', *, *, #1113, .T.);
#1555 = EDGE_LOOP('NONE', (#1551, #1552, #1553, #1554));
#1556 = FACE_BOUND('NONE', #1555, .T.);
#1557 = ADVANCED_FACE('NONE', (#1556), #1261, .T.);
#1558 = ORIENTED_EDGE('NONE', *, *, #1119, .T.);
#1559 = ORIENTED_EDGE('NONE', *, *, #1118, .F.);
#1560 = EDGE_LOOP('NONE', (#1558));
#1561 = FACE_BOUND('NONE', #1560, .T.);
#1562 = EDGE_LOOP('NONE', (#1559));
#1563 = FACE_BOUND('NONE', #1562, .T.);
#1564 = ADVANCED_FACE('NONE', (#1561, #1563), #1266, .T.);
#1565 = ORIENTED_EDGE('NONE', *, *, #1118, .T.);
#1566 = EDGE_LOOP('NONE', (#1565));
#1567 = FACE_BOUND('NONE', #1566, .T.);
#1568 = ADVANCED_FACE('NONE', (#1567), #1270, .T.);
#1569 = ORIENTED_EDGE('NONE', *, *, #1119, .F.);
#1570 = ORIENTED_EDGE('NONE', *, *, #1121, .F.);
#1571 = EDGE_LOOP('NONE', (#1569));
#1572 = FACE_BOUND('NONE', #1571, .T.);
#1573 = EDGE_LOOP('NONE', (#1570));
#1574 = FACE_BOUND('NONE', #1573, .T.);
#1575 = ADVANCED_FACE('NONE', (#1572, #1574), #1275, .F.);
#1576 = ORIENTED_EDGE('NONE', *, *, #1123, .F.);
#1577 = ORIENTED_EDGE('NONE', *, *, #1125, .T.);
#1578 = EDGE_LOOP('NONE', (#1576));
#1579 = FACE_BOUND('NONE', #1578, .T.);
#1580 = EDGE_LOOP('NONE', (#1577));
#1581 = FACE_BOUND('NONE', #1580, .T.);
#1582 = ADVANCED_FACE('NONE', (#1579, #1581), #1280, .F.);
#1583 = ORIENTED_EDGE('NONE', *, *, #1123, .T.);
#1584 = EDGE_LOOP('NONE', (#1583));
#1585 = FACE_BOUND('NONE', #1584, .T.);
#1586 = ADVANCED_FACE('NONE', (#1585), #1284, .T.);
#1587 = ORIENTED_EDGE('NONE', *, *, #1126, .F.);
#1588 = ORIENTED_EDGE('NONE', *, *, #1128, .T.);
#1589 = EDGE_LOOP('NONE', (#1587));
#1590 = FACE_BOUND('NONE', #1589, .T.);
#1591 = EDGE_LOOP('NONE', (#1588));
#1592 = FACE_BOUND('NONE', #1591, .T.);
#1593 = ADVANCED_FACE('NONE', (#1590, #1592), #1289, .F.);
#1594 = ORIENTED_EDGE('NONE', *, *, #1129, .F.);
#1595 = ORIENTED_EDGE('NONE', *, *, #1131, .T.);
#1596 = EDGE_LOOP('NONE', (#1594));
#1597 = FACE_BOUND('NONE', #1596, .T.);
#1598 = EDGE_LOOP('NONE', (#1595));
#1599 = FACE_BOUND('NONE', #1598, .T.);
#1600 = ADVANCED_FACE('NONE', (#1597, #1599), #1294, .F.);
#1601 = ORIENTED_EDGE('NONE', *, *, #1129, .T.);
#1602 = EDGE_LOOP('NONE', (#1601));
#1603 = FACE_BOUND('NONE', #1602, .T.);
#1604 = ADVANCED_FACE('NONE', (#1603), #1298, .T.);
#1605 = ORIENTED_EDGE('NONE', *, *, #1132, .F.);
#1606 = ORIENTED_EDGE('NONE', *, *, #1134, .T.);
#1607 = EDGE_LOOP('NONE', (#1605));
#1608 = FACE_BOUND('NONE', #1607, .T.);
#1609 = EDGE_LOOP('NONE', (#1606));
#1610 = FACE_BOUND('NONE', #1609, .T.);
#1611 = ADVANCED_FACE('NONE', (#1608, #1610), #1303, .F.);
#1612 = ORIENTED_EDGE('NONE', *, *, #1136, .T.);
#1613 = ORIENTED_EDGE('NONE', *, *, #1135, .F.);
#1614 = EDGE_LOOP('NONE', (#1612));
#1615 = FACE_BOUND('NONE', #1614, .T.);
#1616 = EDGE_LOOP('NONE', (#1613));
#1617 = FACE_BOUND('NONE', #1616, .T.);
#1618 = ADVANCED_FACE('NONE', (#1615, #1617), #1308, .T.);
#1619 = ORIENTED_EDGE('NONE', *, *, #1135, .T.);
#1620 = ORIENTED_EDGE('NONE', *, *, #1159, .F.);
#1621 = ORIENTED_EDGE('NONE', *, *, #1162, .F.);
#1622 = ORIENTED_EDGE('NONE', *, *, #1153, .T.);
#1623 = ORIENTED_EDGE('NONE', *, *, #1154, .F.);
#1624 = ORIENTED_EDGE('NONE', *, *, #1147, .T.);
#1625 = ORIENTED_EDGE('NONE', *, *, #1148, .F.);
#1626 = ORIENTED_EDGE('NONE', *, *, #1143, .T.);
#1627 = ORIENTED_EDGE('NONE', *, *, #1160, .F.);
#1628 = EDGE_LOOP('NONE', (#1619));
#1629 = FACE_BOUND('NONE', #1628, .T.);
#1630 = EDGE_LOOP('NONE', (#1620, #1621, #1622, #1623, #1624, #1625, #1626, #1627));
#1631 = FACE_BOUND('NONE', #1630, .T.);
#1632 = ADVANCED_FACE('NONE', (#1629, #1631), #1312, .T.);
#1633 = ORIENTED_EDGE('NONE', *, *, #1136, .F.);
#1634 = ORIENTED_EDGE('NONE', *, *, #1138, .F.);
#1635 = EDGE_LOOP('NONE', (#1633));
#1636 = FACE_BOUND('NONE', #1635, .T.);
#1637 = EDGE_LOOP('NONE', (#1634));
#1638 = FACE_BOUND('NONE', #1637, .T.);
#1639 = ADVANCED_FACE('NONE', (#1636, #1638), #1317, .F.);
#1640 = ORIENTED_EDGE('NONE', *, *, #1160, .T.);
#1641 = ORIENTED_EDGE('NONE', *, *, #1140, .T.);
#1642 = ORIENTED_EDGE('NONE', *, *, #1161, .T.);
#1643 = ORIENTED_EDGE('NONE', *, *, #1156, .F.);
#1644 = EDGE_LOOP('NONE', (#1640, #1641, #1642, #1643));
#1645 = FACE_BOUND('NONE', #1644, .T.);
#1646 = ADVANCED_FACE('NONE', (#1645), #1321, .T.);
#1647 = ORIENTED_EDGE('NONE', *, *, #1148, .T.);
#1648 = ORIENTED_EDGE('NONE', *, *, #1144, .T.);
#1649 = ORIENTED_EDGE('NONE', *, *, #1149, .T.);
#1650 = ORIENTED_EDGE('NONE', *, *, #1142, .T.);
#1651 = EDGE_LOOP('NONE', (#1647, #1648, #1649, #1650));
#1652 = FACE_BOUND('NONE', #1651, .T.);
#1653 = ADVANCED_FACE('NONE', (#1652), #1325, .T.);
#1654 = ORIENTED_EDGE('NONE', *, *, #1154, .T.);
#1655 = ORIENTED_EDGE('NONE', *, *, #1150, .T.);
#1656 = ORIENTED_EDGE('NONE', *, *, #1155, .T.);
#1657 = ORIENTED_EDGE('NONE', *, *, #1146, .T.);
#1658 = EDGE_LOOP('NONE', (#1654, #1655, #1656, #1657));
#1659 = FACE_BOUND('NONE', #1658, .T.);
#1660 = ADVANCED_FACE('NONE', (#1659), #1329, .T.);
#1661 = ORIENTED_EDGE('NONE', *, *, #1162, .T.);
#1662 = ORIENTED_EDGE('NONE', *, *, #1158, .F.);
#1663 = ORIENTED_EDGE('NONE', *, *, #1163, .T.);
#1664 = ORIENTED_EDGE('NONE', *, *, #1152, .T.);
#1665 = EDGE_LOOP('NONE', (#1661, #1662, #1663, #1664));
#1666 = FACE_BOUND('NONE', #1665, .T.);
#1667 = ADVANCED_FACE('NONE', (#1666), #1333, .T.);
#1668 = ORIENTED_EDGE('NONE', *, *, #1157, .F.);
#1669 = ORIENTED_EDGE('NONE', *, *, #1161, .F.);
#1670 = ORIENTED_EDGE('NONE', *, *, #1141, .T.);
#1671 = ORIENTED_EDGE('NONE', *, *, #1149, .F.);
#1672 = ORIENTED_EDGE('NONE', *, *, #1145, .T.);
#1673 = ORIENTED_EDGE('NONE', *, *, #1155, .F.);
#1674 = ORIENTED_EDGE('NONE', *, *, #1151, .T.);
#1675 = ORIENTED_EDGE('NONE', *, *, #1163, .F.);
#1676 = EDGE_LOOP('NONE', (#1668, #1669, #1670, #1671, #1672, #1673, #1674, #1675));
#1677 = FACE_BOUND('NONE', #1676, .T.);
#1678 = ADVANCED_FACE('NONE', (#1677), #1337, .T.);
#1679 = ORIENTED_EDGE('NONE', *, *, #1143, .F.);
#1680 = ORIENTED_EDGE('NONE', *, *, #1142, .F.);
#1681 = ORIENTED_EDGE('NONE', *, *, #1141, .F.);
#1682 = ORIENTED_EDGE('NONE', *, *, #1140, .F.);
#1683 = EDGE_LOOP('NONE', (#1679, #1680, #1681, #1682));
#1684 = FACE_BOUND('NONE', #1683, .T.);
#1685 = ADVANCED_FACE('NONE', (#1684), #1342, .T.);
#1686 = ORIENTED_EDGE('NONE', *, *, #1147, .F.);
#1687 = ORIENTED_EDGE('NONE', *, *, #1146, .F.);
#1688 = ORIENTED_EDGE('NONE', *, *, #1145, .F.);
#1689 = ORIENTED_EDGE('NONE', *, *, #1144, .F.);
#1690 = EDGE_LOOP('NONE', (#1686, #1687, #1688, #1689));
#1691 = FACE_BOUND('NONE', #1690, .T.);
#1692 = ADVANCED_FACE('NONE', (#1691), #1347, .T.);
#1693 = ORIENTED_EDGE('NONE', *, *, #1153, .F.);
#1694 = ORIENTED_EDGE('NONE', *, *, #1152, .F.);
#1695 = ORIENTED_EDGE('NONE', *, *, #1151, .F.);
#1696 = ORIENTED_EDGE('NONE', *, *, #1150, .F.);
#1697 = EDGE_LOOP('NONE', (#1693, #1694, #1695, #1696));
#1698 = FACE_BOUND('NONE', #1697, .T.);
#1699 = ADVANCED_FACE('NONE', (#1698), #1352, .T.);
#1700 = ORIENTED_EDGE('NONE', *, *, #1156, .T.);
#1701 = ORIENTED_EDGE('NONE', *, *, #1157, .T.);
#1702 = ORIENTED_EDGE('NONE', *, *, #1158, .T.);
#1703 = ORIENTED_EDGE('NONE', *, *, #1159, .T.);
#1704 = EDGE_LOOP('NONE', (#1700, #1701, #1702, #1703));
#1705 = FACE_BOUND('NONE', #1704, .T.);
#1706 = ADVANCED_FACE('NONE', (#1705), #1357, .T.);
#1707 = CLOSED_SHELL('NONE', (#1364, #1371, #1378, #1385, #1412, #1441, #1448, #1455, #1462, #1469, #1476, #1480, #1487, #1494, #1501, #1508, #1515, #1529, #1536, #1543, #1550, #1557, #1564, #1568, #1575, #1582, #1586, #1593, #1600, #1604, #1611, #1618, #1632, #1639, #1646, #1653, #1660, #1667, #1678, #1685, #1692, #1699, #1706));
#1708 = MANIFOLD_SOLID_BREP('NONE', #1707);
#1709 = APPLICATION_CONTEXT('configuration controlled 3D design of mechanical parts and assemblies');
#1710 = PRODUCT_DEFINITION_CONTEXT('part definition', #1709, 'design');
#1711 = PRODUCT('UNIDENTIFIED_PRODUCT', 'NONE', $, ());
#1712 = PRODUCT_DEFINITION_FORMATION('', $, #1711);
#1713 = PRODUCT_DEFINITION('design', $, #1712, #1710);
#1714 = PRODUCT_DEFINITION_SHAPE('NONE', $, #1713);
#1715 = ADVANCED_BREP_SHAPE_REPRESENTATION('NONE', (#1708), #4);
#1716 = SHAPE_DEFINITION_REPRESENTATION(#1714, #1715);
#1717 = COLOUR_RGB('NONE', 0.16862745583057404, 0.2980392277240753, 0.4941176474094391);
#1718 = FILL_AREA_STYLE_COLOUR('NONE', #1717);
#1719 = FILL_AREA_STYLE('NONE', (#1718));
#1720 = SURFACE_STYLE_FILL_AREA(#1719);
#1721 = SURFACE_SIDE_STYLE('NONE', (#1720));
#1722 = SURFACE_STYLE_USAGE(.BOTH., #1721);
#1723 = PRESENTATION_STYLE_ASSIGNMENT((#1722));
#1724 = STYLED_ITEM('NONE', (#1723), #1708);
#1725 = MECHANICAL_DESIGN_GEOMETRIC_PRESENTATION_REPRESENTATION('NONE', (#1724), #4);
ENDSEC;
END-ISO-10303-21;
