ISO-10303-21;
HEADER;
FILE_DESCRIPTION(('Zoo Text-to-CAD'),'1');
FILE_NAME('dump.step', '2025-11-20T16:12:54.413168092+00:00', ('Author unknown'), ('Organization unknown'), 'zoo.dev beta', 'zoo.dev', 'Authorization unknown');
FILE_SCHEMA(('AP203_CONFIGURATION_CONTROLLED_3D_DESIGN_OF_MECHANICAL_PARTS_AND_ASSEMBLIES_MIM_LF'));
ENDSEC;
DATA;
#1 = (
  LENGTH_UNIT()
  NAMED_UNIT(*)
  SI_UNIT($, .METRE.)
);
#2 = (
  NAMED_UNIT(*)
  PLANE_ANGLE_UNIT()
  SI_UNIT($, .RADIAN.)
);
#3 = UNCERTAINTY_MEASURE_WITH_UNIT(LENGTH_MEASURE(0.00001), #1, 'DISTANCE_ACCURACY_VALUE', $);
#4 = (
  GEOMETRIC_REPRESENTATION_CONTEXT(3)
  GLOBAL_UNCERTAINTY_ASSIGNED_CONTEXT((#3))
  GLOBAL_UNIT_ASSIGNED_CONTEXT((#1, #2))
  REPRESENTATION_CONTEXT('', '3D')
);
#5 = CARTESIAN_POINT('NONE', (0.0032, -0.013, -0.15));
#6 = VERTEX_POINT('NONE', #5);
#7 = CARTESIAN_POINT('NONE', (0.0032, -0.003, -0.15));
#8 = VERTEX_POINT('NONE', #7);
#9 = CARTESIAN_POINT('NONE', (0.016216216216216214, -0.012, -0.15));
#10 = VERTEX_POINT('NONE', #9);
#11 = CARTESIAN_POINT('NONE', (0.015216216216216214, -0.013, -0.15));
#12 = VERTEX_POINT('NONE', #11);
#13 = CARTESIAN_POINT('NONE', (0.016216216216216214, -0.004, -0.15));
#14 = VERTEX_POINT('NONE', #13);
#15 = CARTESIAN_POINT('NONE', (0.015216216216216214, -0.003000000000000001, -0.15));
#16 = VERTEX_POINT('NONE', #15);
#17 = CARTESIAN_POINT('NONE', (0.015789473684210527, -0.002, -0.15));
#18 = VERTEX_POINT('NONE', #17);
#19 = CARTESIAN_POINT('NONE', (0.015789473684210527, 0.013, -0.15));
#20 = VERTEX_POINT('NONE', #19);
#21 = CARTESIAN_POINT('NONE', (-0.0032, -0.002, -0.15));
#22 = VERTEX_POINT('NONE', #21);
#23 = CARTESIAN_POINT('NONE', (-0.0032, -0.04593333333333333, -0.15));
#24 = VERTEX_POINT('NONE', #23);
#25 = CARTESIAN_POINT('NONE', (-0.0021333333333333334, -0.047, -0.15));
#26 = VERTEX_POINT('NONE', #25);
#27 = CARTESIAN_POINT('NONE', (-0.0016, 0.013000999999999997, -0.15));
#28 = VERTEX_POINT('NONE', #27);
#29 = CARTESIAN_POINT('NONE', (-0.0016, -0.047, -0.15));
#30 = VERTEX_POINT('NONE', #29);
#31 = CARTESIAN_POINT('NONE', (0.002, 0.05315127018922193, 0.0374951905283833));
#32 = VERTEX_POINT('NONE', #31);
#33 = CARTESIAN_POINT('NONE', (0.002, 0.05315127018922193, 0.047495190528383295));
#34 = VERTEX_POINT('NONE', #33);
#35 = CARTESIAN_POINT('NONE', (0.016216216216216214, 0.05315127018922193, 0.046495190528383294));
#36 = VERTEX_POINT('NONE', #35);
#37 = CARTESIAN_POINT('NONE', (0.015216216216216214, 0.05315127018922193, 0.04749519052838329));
#38 = VERTEX_POINT('NONE', #37);
#39 = CARTESIAN_POINT('NONE', (0.016216216216216214, 0.05315127018922193, 0.038495190528383294));
#40 = VERTEX_POINT('NONE', #39);
#41 = CARTESIAN_POINT('NONE', (0.015216216216216214, 0.05315127018922193, 0.0374951905283833));
#42 = VERTEX_POINT('NONE', #41);
#43 = CARTESIAN_POINT('NONE', (0.015789473684210527, 0.05315127018922193, 0.020995190528383296));
#44 = VERTEX_POINT('NONE', #43);
#45 = CARTESIAN_POINT('NONE', (0.015789473684210527, 0.05315127018922193, 0.0359951905283833));
#46 = VERTEX_POINT('NONE', #45);
#47 = CARTESIAN_POINT('NONE', (0.002, 0.05315127018922193, 0.0359951905283833));
#48 = VERTEX_POINT('NONE', #47);
#49 = CARTESIAN_POINT('NONE', (0.002, 0.05315127018922193, 0.08032852386171661));
#50 = VERTEX_POINT('NONE', #49);
#51 = CARTESIAN_POINT('NONE', (0.0013333333333333335, 0.05315127018922193, 0.08099519052838329));
#52 = VERTEX_POINT('NONE', #51);
#53 = CARTESIAN_POINT('NONE', (0.001, 0.05315127018922193, 0.02099419052838329));
#54 = VERTEX_POINT('NONE', #53);
#55 = CARTESIAN_POINT('NONE', (0.001, 0.05315127018922193, 0.08099519052838329));
#56 = VERTEX_POINT('NONE', #55);
#57 = CARTESIAN_POINT('NONE', (-0.015, 0, -0));
#58 = VERTEX_POINT('NONE', #57);
#59 = CARTESIAN_POINT('NONE', (0.015, 0, -0));
#60 = VERTEX_POINT('NONE', #59);
#61 = CARTESIAN_POINT('NONE', (-0.015, 0.006, -0));
#62 = VERTEX_POINT('NONE', #61);
#63 = CARTESIAN_POINT('NONE', (0.015, 0.006, -0));
#64 = VERTEX_POINT('NONE', #63);
#65 = CARTESIAN_POINT('NONE', (-0.015, 0.00975, 0.006495190528383289));
#66 = VERTEX_POINT('NONE', #65);
#67 = CARTESIAN_POINT('NONE', (0.015, 0.00975, 0.006495190528383289));
#68 = VERTEX_POINT('NONE', #67);
#69 = CARTESIAN_POINT('NONE', (-0.015, 0.006749999999999993, 0.011691342951089926));
#70 = VERTEX_POINT('NONE', #69);
#71 = CARTESIAN_POINT('NONE', (0.015, 0.006749999999999993, 0.011691342951089926));
#72 = VERTEX_POINT('NONE', #71);
#73 = CARTESIAN_POINT('NONE', (-0.015, 0, -0.14507193459685544));
#74 = VERTEX_POINT('NONE', #73);
#75 = CARTESIAN_POINT('NONE', (0.015, 0, -0.14507193459685547));
#76 = VERTEX_POINT('NONE', #75);
#77 = CARTESIAN_POINT('NONE', (-0.015, 0.006, -0.14507193459685544));
#78 = VERTEX_POINT('NONE', #77);
#79 = CARTESIAN_POINT('NONE', (0.015, 0.006, -0.14507193459685547));
#80 = VERTEX_POINT('NONE', #79);
#81 = CARTESIAN_POINT('NONE', (-0.015, 0.04822320478607738, 0.028707705668212676));
#82 = VERTEX_POINT('NONE', #81);
#83 = CARTESIAN_POINT('NONE', (0.015, 0.04822320478607739, 0.02870770566821268));
#84 = VERTEX_POINT('NONE', #83);
#85 = CARTESIAN_POINT('NONE', (-0.015, 0.048223204786077375, 0.03563590889848819));
#86 = VERTEX_POINT('NONE', #85);
#87 = CARTESIAN_POINT('NONE', (0.015, 0.04822320478607738, 0.03563590889848819));
#88 = VERTEX_POINT('NONE', #87);
#89 = DIRECTION('NONE', (1, 0, -0));
#90 = DIRECTION('NONE', (0, -1, 0));
#91 = CARTESIAN_POINT('NONE', (0, -0.013, -0.15));
#92 = AXIS2_PLACEMENT_3D('NONE', #91, #90, #89);
#93 = CIRCLE('NONE', #92, 0.0032);
#94 = DIRECTION('NONE', (0, 1, 0));
#95 = VECTOR('NONE', #94, 1);
#96 = CARTESIAN_POINT('NONE', (0.0032, -0.013, -0.15));
#97 = LINE('NONE', #96, #95);
#98 = DIRECTION('NONE', (1, 0, -0));
#99 = DIRECTION('NONE', (0, -1, 0));
#100 = CARTESIAN_POINT('NONE', (0, -0.003, -0.15));
#101 = AXIS2_PLACEMENT_3D('NONE', #100, #99, #98);
#102 = CIRCLE('NONE', #101, 0.0032);
#103 = DIRECTION('NONE', (1, 0, -0.0000000000000017526720815415795));
#104 = DIRECTION('NONE', (0, -1, 0));
#105 = CARTESIAN_POINT('NONE', (-0.000000000000000010048591735576163, -0.012, -0.14999999999999997));
#106 = AXIS2_PLACEMENT_3D('NONE', #105, #104, #103);
#107 = CIRCLE('NONE', #106, 0.016216216216216224);
#108 = DIRECTION('NONE', (1, 0.000000000000005329070518200761, -0));
#109 = DIRECTION('NONE', (-0, 0, -1));
#110 = CARTESIAN_POINT('NONE', (0.015216216216216216, -0.012000000000000005, -0.15));
#111 = AXIS2_PLACEMENT_3D('NONE', #110, #109, #108);
#112 = CIRCLE('NONE', #111, 0.0009999999999999983);
#113 = DIRECTION('NONE', (1, 0, 0.000000000000001867856570026553));
#114 = DIRECTION('NONE', (-0, 1, 0));
#115 = CARTESIAN_POINT('NONE', (0.000000000000000010048591735576165, -0.013, -0.15000000000000002));
#116 = AXIS2_PLACEMENT_3D('NONE', #115, #114, #113);
#117 = CIRCLE('NONE', #116, 0.015216216216216204);
#118 = DIRECTION('NONE', (1, 0, -0));
#119 = DIRECTION('NONE', (0, 1, 0));
#120 = CARTESIAN_POINT('NONE', (-0, -0.004, -0.15));
#121 = AXIS2_PLACEMENT_3D('NONE', #120, #119, #118);
#122 = CIRCLE('NONE', #121, 0.016216216216216214);
#123 = DIRECTION('NONE', (1, -0.0000000000000004440892098500634, -0));
#124 = DIRECTION('NONE', (0, 0, 1));
#125 = CARTESIAN_POINT('NONE', (0.015216216216216216, -0.003999999999999999, -0.15));
#126 = AXIS2_PLACEMENT_3D('NONE', #125, #124, #123);
#127 = CIRCLE('NONE', #126, 0.0009999999999999983);
#128 = DIRECTION('NONE', (1, 0, -0.0000000000000018678565700265513));
#129 = DIRECTION('NONE', (0, -1, 0));
#130 = CARTESIAN_POINT('NONE', (0, -0.003000000000000001, -0.14999999999999997));
#131 = AXIS2_PLACEMENT_3D('NONE', #130, #129, #128);
#132 = CIRCLE('NONE', #131, 0.015216216216216214);
#133 = DIRECTION('NONE', (0, 1, 0));
#134 = VECTOR('NONE', #133, 1);
#135 = CARTESIAN_POINT('NONE', (0.016216216216216214, -0.012000000000000002, -0.15));
#136 = LINE('NONE', #135, #134);
#137 = DIRECTION('NONE', (1, 0, -0));
#138 = DIRECTION('NONE', (0, 1, 0));
#139 = CARTESIAN_POINT('NONE', (0.00000000000000002842170943040401, -0.002, -0.15));
#140 = AXIS2_PLACEMENT_3D('NONE', #139, #138, #137);
#141 = CIRCLE('NONE', #140, 0.0157894736842105);
#142 = DIRECTION('NONE', (0, 1, 0));
#143 = VECTOR('NONE', #142, 1);
#144 = CARTESIAN_POINT('NONE', (0.015789473684210527, -0.002, -0.15));
#145 = LINE('NONE', #144, #143);
#146 = DIRECTION('NONE', (1, 0, -0));
#147 = DIRECTION('NONE', (0, 1, 0));
#148 = CARTESIAN_POINT('NONE', (0.00000000000000002842170943040401, 0.013, -0.15));
#149 = AXIS2_PLACEMENT_3D('NONE', #148, #147, #146);
#150 = CIRCLE('NONE', #149, 0.0157894736842105);
#151 = DIRECTION('NONE', (-1, 0, -0));
#152 = DIRECTION('NONE', (0, -1, -0));
#153 = CARTESIAN_POINT('NONE', (0, -0.002, -0.15));
#154 = AXIS2_PLACEMENT_3D('NONE', #153, #152, #151);
#155 = CIRCLE('NONE', #154, 0.0032);
#156 = DIRECTION('NONE', (-1, 0, -0));
#157 = DIRECTION('NONE', (0, -1, -0));
#158 = CARTESIAN_POINT('NONE', (0, -0.04593333333333333, -0.15));
#159 = AXIS2_PLACEMENT_3D('NONE', #158, #157, #156);
#160 = CIRCLE('NONE', #159, 0.0032);
#161 = DIRECTION('NONE', (0.7071067811865474, -0.7071067811865477, 0));
#162 = VECTOR('NONE', #161, 1);
#163 = CARTESIAN_POINT('NONE', (-0.0032, -0.04593333333333333, -0.15));
#164 = LINE('NONE', #163, #162);
#165 = DIRECTION('NONE', (-1, 0, 0.000000000000013322676295501878));
#166 = DIRECTION('NONE', (0, 1, -0));
#167 = CARTESIAN_POINT('NONE', (0, -0.047, -0.15000000000000002));
#168 = AXIS2_PLACEMENT_3D('NONE', #167, #166, #165);
#169 = CIRCLE('NONE', #168, 0.0021333333333333334);
#170 = DIRECTION('NONE', (0, -1, 0));
#171 = VECTOR('NONE', #170, 1);
#172 = CARTESIAN_POINT('NONE', (-0.0032, -0.002, -0.15));
#173 = LINE('NONE', #172, #171);
#174 = CARTESIAN_POINT('NONE', (-0.0016, 0.013, -0.15));
#175 = CARTESIAN_POINT('NONE', (-0.0015931033240665718, 0.013, -0.15014832057921845));
#176 = CARTESIAN_POINT('NONE', (-0.0015930961902487256, 0.013, -0.15014847399979456));
#177 = CARTESIAN_POINT('NONE', (-0.0015715061242556146, 0.013, -0.1503005729357699));
#178 = CARTESIAN_POINT('NONE', (-0.0015714837918161082, 0.013, -0.15030073026462143));
#179 = CARTESIAN_POINT('NONE', (-0.001534069296898868, 0.013, -0.15045453874844486));
#180 = CARTESIAN_POINT('NONE', (-0.001534030595908113, 0.013, -0.15045469784562696));
#181 = CARTESIAN_POINT('NONE', (-0.0014800392464697325, 0.013, -0.150607829382343));
#182 = CARTESIAN_POINT('NONE', (-0.0014799833986300092, 0.013, -0.15060798777930118));
#183 = CARTESIAN_POINT('NONE', (-0.0014091390404615731, 0.013, -0.15075782501276253));
#184 = CARTESIAN_POINT('NONE', (-0.0014090657601231217, 0.013, -0.15075798000214297));
#185 = CARTESIAN_POINT('NONE', (-0.0013216414706245874, 0.013, -0.15090179516706148));
#186 = CARTESIAN_POINT('NONE', (-0.0013215510402545632, 0.013, -0.15090194392730483));
#187 = CARTESIAN_POINT('NONE', (-0.001218404460249911, 0.013, -0.1510370442066346));
#188 = CARTESIAN_POINT('NONE', (-0.0012182977669790813, 0.013, -0.1510371839523314));
#189 = CARTESIAN_POINT('NONE', (-0.0011301595576783958, 0.013, -0.1511301595576784));
#190 = CARTESIAN_POINT('NONE', (-0.0011008596760684033, 0.013, -0.15116106754016292));
#191 = CARTESIAN_POINT('NONE', (-0.0011007381998736647, 0.013, -0.15116119568348274));
#192 = CARTESIAN_POINT('NONE', (-0.0009709515113692252, 0.013, -0.15127170087186412));
#193 = CARTESIAN_POINT('NONE', (-0.0009708172619708826, 0.013, -0.15127181517676877));
#194 = CARTESIAN_POINT('NONE', (-0.0008310312090329862, 0.013, -0.15136724449082684));
#195 = CARTESIAN_POINT('NONE', (-0.0008308866164424837, 0.013, -0.15136734320147385));
#196 = CARTESIAN_POINT('NONE', (-0.0006837180178407152, 0.013, -0.15144654788363954));
#197 = CARTESIAN_POINT('NONE', (-0.0006835657888560257, 0.013, -0.15144662981177137));
#198 = CARTESIAN_POINT('NONE', (-0.0005317441614263239, 0.013, -0.15150904614729305));
#199 = CARTESIAN_POINT('NONE', (-0.000531587119418606, 0.013, -0.15150911070981163));
#200 = CARTESIAN_POINT('NONE', (-0.0003778019116880703, 0.013, -0.1515547472778958));
#201 = CARTESIAN_POINT('NONE', (-0.00037764283858242504, 0.013, -0.15155479448367537));
#202 = CARTESIAN_POINT('NONE', (-0.000224409064141401, 0.013, -0.15158417656559203));
#203 = CARTESIAN_POINT('NONE', (-0.0002242505614300558, 0.013, -0.1515842069579756));
#204 = CARTESIAN_POINT('NONE', (-0.00007380444912850796, 0.013, -0.15159828948749876));
#205 = CARTESIAN_POINT('NONE', (-0.00007364882993294791, 0.013, -0.15159830405425548));
#206 = CARTESIAN_POINT('NONE', (0.00007349662488783739, 0.013, -0.15159830405425548));
#207 = CARTESIAN_POINT('NONE', (0.00007364882993294771, 0.013, -0.15159830405425548));
#208 = CARTESIAN_POINT('NONE', (0.00022409494223449576, 0.013, -0.15158422152473228));
#209 = CARTESIAN_POINT('NONE', (0.00022425056143005528, 0.013, -0.15158420695797556));
#210 = CARTESIAN_POINT('NONE', (0.0003774843358710797, 0.013, -0.15155482487605895));
#211 = CARTESIAN_POINT('NONE', (0.0003776428385824249, 0.013, -0.15155479448367537));
#212 = CARTESIAN_POINT('NONE', (0.0005314280463129608, 0.013, -0.1515091579155912));
#213 = CARTESIAN_POINT('NONE', (0.0005315871194186058, 0.013, -0.15150911070981163));
#214 = CARTESIAN_POINT('NONE', (0.0006834087468483073, 0.013, -0.15144669437428995));
#215 = CARTESIAN_POINT('NONE', (0.0006835657888560254, 0.013, -0.15144662981177137));
#216 = CARTESIAN_POINT('NONE', (0.0008307343874577945, 0.013, -0.1513674251296057));
#217 = CARTESIAN_POINT('NONE', (0.0008308866164424838, 0.013, -0.15136734320147385));
#218 = CARTESIAN_POINT('NONE', (0.0009706726693803801, 0.013, -0.1512719138874158));
#219 = CARTESIAN_POINT('NONE', (0.0009708172619708826, 0.013, -0.15127181517676877));
#220 = CARTESIAN_POINT('NONE', (0.0011006039504753223, 0.013, -0.1511613099883874));
#221 = CARTESIAN_POINT('NONE', (0.0011007381998736645, 0.013, -0.15116119568348274));
#222 = CARTESIAN_POINT('NONE', (0.0012181762907843422, 0.013, -0.15103731209565122));
#223 = CARTESIAN_POINT('NONE', (0.0012182977669790809, 0.013, -0.1510371839523314));
#224 = CARTESIAN_POINT('NONE', (0.001321444346983733, 0.013, -0.15090208367300165));
#225 = CARTESIAN_POINT('NONE', (0.001321551040254563, 0.013, -0.15090194392730488));
#226 = CARTESIAN_POINT('NONE', (0.0014089753297530975, 0.013, -0.15075812876238628));
#227 = CARTESIAN_POINT('NONE', (0.0014090657601231217, 0.013, -0.15075798000214297));
#228 = CARTESIAN_POINT('NONE', (0.0014799101182915576, 0.013, -0.1506081427686816));
#229 = CARTESIAN_POINT('NONE', (0.001479983398630009, 0.013, -0.15060798777930118));
#230 = CARTESIAN_POINT('NONE', (0.0015339747480683898, 0.013, -0.1504548562425851));
#231 = CARTESIAN_POINT('NONE', (0.0015340305959081128, 0.013, -0.15045469784562693));
#232 = CARTESIAN_POINT('NONE', (0.0015714450908253528, 0.013, -0.1503008893618035));
#233 = CARTESIAN_POINT('NONE', (0.0015714837918161077, 0.013, -0.1503007302646214));
#234 = CARTESIAN_POINT('NONE', (0.0015930738578092195, 0.013, -0.1501486313286461));
#235 = CARTESIAN_POINT('NONE', (0.0015930961902487256, 0.013, -0.15014847399979456));
#236 = CARTESIAN_POINT('NONE', (0.0015999928661821542, 0.013, -0.1500001534205761));
#237 = CARTESIAN_POINT('NONE', (0.0016, 0.013, -0.15));
#238 = CARTESIAN_POINT('NONE', (0.0015931033240665718, 0.013, -0.14985167942078154));
#239 = CARTESIAN_POINT('NONE', (0.0015930961902487256, 0.013, -0.1498515260002054));
#240 = CARTESIAN_POINT('NONE', (0.0015715061242556146, 0.013, -0.1496994270642301));
#241 = CARTESIAN_POINT('NONE', (0.0015714837918161082, 0.013, -0.1496992697353786));
#242 = CARTESIAN_POINT('NONE', (0.001534069296898868, 0.013, -0.14954546125155513));
#243 = CARTESIAN_POINT('NONE', (0.001534030595908113, 0.013, -0.14954530215437306));
#244 = CARTESIAN_POINT('NONE', (0.001480039246469733, 0.013, -0.149392170617657));
#245 = CARTESIAN_POINT('NONE', (0.0014799833986300095, 0.013, -0.14939201222069884));
#246 = CARTESIAN_POINT('NONE', (0.0014091390404615733, 0.013, -0.1492421749872375));
#247 = CARTESIAN_POINT('NONE', (0.0014090657601231217, 0.013, -0.14924201999785705));
#248 = CARTESIAN_POINT('NONE', (0.0013216414706245872, 0.013, -0.14909820483293845));
#249 = CARTESIAN_POINT('NONE', (0.001321551040254563, 0.013, -0.14909805607269513));
#250 = CARTESIAN_POINT('NONE', (0.0012184044602499109, 0.013, -0.14896295579336535));
#251 = CARTESIAN_POINT('NONE', (0.001218297766979081, 0.013, -0.1489628160476686));
#252 = CARTESIAN_POINT('NONE', (0.0011301595576783843, 0.013, -0.14886984044232163));
#253 = CARTESIAN_POINT('NONE', (0.0011008596760684033, 0.013, -0.14883893245983712));
#254 = CARTESIAN_POINT('NONE', (0.0011007381998736647, 0.013, -0.1488388043165173));
#255 = CARTESIAN_POINT('NONE', (0.0009709515113692253, 0.013, -0.1487282991281359));
#256 = CARTESIAN_POINT('NONE', (0.0009708172619708827, 0.013, -0.14872818482323122));
#257 = CARTESIAN_POINT('NONE', (0.0008310312090329866, 0.013, -0.14863275550917315));
#258 = CARTESIAN_POINT('NONE', (0.0008308866164424842, 0.013, -0.14863265679852614));
#259 = CARTESIAN_POINT('NONE', (0.0006837180178407154, 0.013, -0.14855345211636045));
#260 = CARTESIAN_POINT('NONE', (0.0006835657888560261, 0.013, -0.14855337018822862));
#261 = CARTESIAN_POINT('NONE', (0.0005317441614263238, 0.013, -0.14849095385270694));
#262 = CARTESIAN_POINT('NONE', (0.0005315871194186057, 0.013, -0.14849088929018836));
#263 = CARTESIAN_POINT('NONE', (0.0003778019116880703, 0.013, -0.1484452527221042));
#264 = CARTESIAN_POINT('NONE', (0.0003776428385824248, 0.013, -0.14844520551632465));
#265 = CARTESIAN_POINT('NONE', (0.00022440906414140032, 0.013, -0.14841582343440796));
#266 = CARTESIAN_POINT('NONE', (0.00022425056143005566, 0.013, -0.1484157930420244));
#267 = CARTESIAN_POINT('NONE', (0.00007380444912850815, 0.013, -0.14840171051250123));
#268 = CARTESIAN_POINT('NONE', (0.00007364882993294809, 0.013, -0.14840169594574454));
#269 = CARTESIAN_POINT('NONE', (-0.00007349662488783718, 0.013, -0.14840169594574454));
#270 = CARTESIAN_POINT('NONE', (-0.0000736488299329475, 0.013, -0.14840169594574454));
#271 = CARTESIAN_POINT('NONE', (-0.00022409494223449555, 0.013, -0.1484157784752677));
#272 = CARTESIAN_POINT('NONE', (-0.00022425056143005506, 0.013, -0.1484157930420244));
#273 = CARTESIAN_POINT('NONE', (-0.00037748433587107865, 0.013, -0.14844517512394104));
#274 = CARTESIAN_POINT('NONE', (-0.0003776428385824241, 0.013, -0.1484452055163246));
#275 = CARTESIAN_POINT('NONE', (-0.0005314280463129601, 0.013, -0.1484908420844088));
#276 = CARTESIAN_POINT('NONE', (-0.0005315871194186051, 0.013, -0.14849088929018836));
#277 = CARTESIAN_POINT('NONE', (-0.0006834087468483067, 0.013, -0.14855330562571006));
#278 = CARTESIAN_POINT('NONE', (-0.0006835657888560248, 0.013, -0.14855337018822865));
#279 = CARTESIAN_POINT('NONE', (-0.0008307343874577944, 0.013, -0.14863257487039433));
#280 = CARTESIAN_POINT('NONE', (-0.0008308866164424837, 0.013, -0.14863265679852616));
#281 = CARTESIAN_POINT('NONE', (-0.0009706726693803798, 0.013, -0.1487280861125842));
#282 = CARTESIAN_POINT('NONE', (-0.0009708172619708823, 0.013, -0.14872818482323122));
#283 = CARTESIAN_POINT('NONE', (-0.0011006039504753218, 0.013, -0.14883869001161265));
#284 = CARTESIAN_POINT('NONE', (-0.001100738199873664, 0.013, -0.1488388043165173));
#285 = CARTESIAN_POINT('NONE', (-0.001218176290784342, 0.013, -0.14896268790434877));
#286 = CARTESIAN_POINT('NONE', (-0.0012182977669790806, 0.013, -0.1489628160476686));
#287 = CARTESIAN_POINT('NONE', (-0.0013214443469837327, 0.013, -0.1490979163269984));
#288 = CARTESIAN_POINT('NONE', (-0.0013215510402545627, 0.013, -0.14909805607269516));
#289 = CARTESIAN_POINT('NONE', (-0.0014089753297530966, 0.013, -0.14924187123761373));
#290 = CARTESIAN_POINT('NONE', (-0.001409065760123121, 0.013, -0.14924201999785705));
#291 = CARTESIAN_POINT('NONE', (-0.0014799101182915576, 0.013, -0.1493918572313184));
#292 = CARTESIAN_POINT('NONE', (-0.0014799833986300088, 0.013, -0.14939201222069884));
#293 = CARTESIAN_POINT('NONE', (-0.0015339747480683898, 0.013, -0.14954514375741487));
#294 = CARTESIAN_POINT('NONE', (-0.001534030595908113, 0.013, -0.14954530215437306));
#295 = CARTESIAN_POINT('NONE', (-0.0015714450908253528, 0.013, -0.14969911063819646));
#296 = CARTESIAN_POINT('NONE', (-0.0015714837918161077, 0.013, -0.14969926973537856));
#297 = CARTESIAN_POINT('NONE', (-0.0015930738578092192, 0.013, -0.1498513686713539));
#298 = CARTESIAN_POINT('NONE', (-0.0015930961902487254, 0.013, -0.1498515260002054));
#299 = CARTESIAN_POINT('NONE', (-0.0015999928661821542, 0.013, -0.1499998465794239));
#300 = CARTESIAN_POINT('NONE', (-0.0016, 0.013, -0.15));
#301 = B_SPLINE_CURVE_WITH_KNOTS('NONE', 2, (#174, #175, #176, #177, #178, #179, #180, #181, #182, #183, #184, #185, #186, #187, #188, #189, #190, #191, #192, #193, #194, #195, #196, #197, #198, #199, #200, #201, #202, #203, #204, #205, #206, #207, #208, #209, #210, #211, #212, #213, #214, #215, #216, #217, #218, #219, #220, #221, #222, #223, #224, #225, #226, #227, #228, #229, #230, #231, #232, #233, #234, #235, #236, #237, #238, #239, #240, #241, #242, #243, #244, #245, #246, #247, #248, #249, #250, #251, #252, #253, #254, #255, #256, #257, #258, #259, #260, #261, #262, #263, #264, #265, #266, #267, #268, #269, #270, #271, #272, #273, #274, #275, #276, #277, #278, #279, #280, #281, #282, #283, #284, #285, #286, #287, #288, #289, #290, #291, #292, #293, #294, #295, #296, #297, #298, #299, #300), .UNSPECIFIED., .F., .F., (3, 1, 1, 1, 1, 1, 1, 1, 1, 1, 1, 1, 1, 1, 1, 1, 1, 1, 1, 1, 1, 1, 1, 1, 1, 1, 1, 1, 1, 1, 1, 1, 1, 1, 1, 1, 1, 1, 1, 1, 1, 1, 1, 1, 1, 1, 1, 1, 1, 1, 1, 1, 1, 1, 1, 1, 1, 1, 1, 1, 1, 1, 1, 1, 1, 1, 1, 1, 1, 1, 1, 1, 1, 1, 1, 1, 1, 1, 1, 1, 1, 1, 1, 1, 1, 1, 1, 1, 1, 1, 1, 1, 1, 1, 1, 1, 1, 1, 1, 1, 1, 1, 1, 1, 1, 1, 1, 1, 1, 1, 1, 1, 1, 1, 1, 1, 1, 1, 1, 1, 1, 1, 1, 1, 1, 3), (-1, -0.992, -0.984, -0.976, -0.968, -0.96, -0.952, -0.944, -0.9359999999999999, -0.9279999999999999, -0.92, -0.912, -0.904, -0.896, -0.888, -0.88, -0.872, -0.864, -0.856, -0.848, -0.84, -0.832, -0.8240000000000001, -0.8160000000000001, -0.808, -0.8, -0.792, -0.784, -0.776, -0.768, -0.76, -0.752, -0.744, -0.736, -0.728, -0.72, -0.712, -0.704, -0.696, -0.688, -0.6799999999999999, -0.6719999999999999, -0.6639999999999999, -0.6559999999999999, -0.648, -0.64, -0.632, -0.624, -0.616, -0.608, -0.6, -0.592, -0.584, -0.5760000000000001, -0.5680000000000001, -0.56, -0.552, -0.544, -0.536, -0.528, -0.52, -0.512, -0.504, -0.496, -0.488, -0.48, -0.47200000000000003, -0.464, -0.456, -0.448, -0.44, -0.432, -0.424, -0.41600000000000004, -0.40800000000000003, -0.4, -0.392, -0.384, -0.376, -0.368, -0.36, -0.352, -0.34400000000000003, -0.336, -0.328, -0.32, -0.312, -0.304, -0.296, -0.28800000000000003, -0.28, -0.272, -0.264, -0.256, -0.248, -0.24, -0.232, -0.224, -0.216, -0.20800000000000002, -0.2, -0.192, -0.184, -0.176, -0.168, -0.16, -0.152, -0.14400000000000002, -0.136, -0.128, -0.12, -0.112, -0.10400000000000001, -0.096, -0.088, -0.08, -0.07200000000000001, -0.064, -0.056, -0.048, -0.04, -0.032, -0.024, -0.016, -0.008, -0), .UNSPECIFIED.);
#302 = DIRECTION('NONE', (0, -1, 0));
#303 = VECTOR('NONE', #302, 1);
#304 = CARTESIAN_POINT('NONE', (-0.0016, 0.013000999999999997, -0.15));
#305 = LINE('NONE', #304, #303);
#306 = DIRECTION('NONE', (-1, 0, -0));
#307 = DIRECTION('NONE', (0, -1, -0));
#308 = CARTESIAN_POINT('NONE', (0, -0.047, -0.15));
#309 = AXIS2_PLACEMENT_3D('NONE', #308, #307, #306);
#310 = CIRCLE('NONE', #309, 0.0016);
#311 = DIRECTION('NONE', (1, 0.000000000000007105427357601027, -0));
#312 = DIRECTION('NONE', (-0, 0, -1));
#313 = CARTESIAN_POINT('NONE', (0.000000000000000007105427357601002, 0.053151270189221916, 0.0374951905283833));
#314 = AXIS2_PLACEMENT_3D('NONE', #313, #312, #311);
#315 = CIRCLE('NONE', #314, 0.001999999999999993);
#316 = DIRECTION('NONE', (0, 0, 1));
#317 = VECTOR('NONE', #316, 1);
#318 = CARTESIAN_POINT('NONE', (0.002, 0.05315127018922193, 0.0374951905283833));
#319 = LINE('NONE', #318, #317);
#320 = DIRECTION('NONE', (1, 0.000000000000007105427357601027, -0));
#321 = DIRECTION('NONE', (-0, 0, -1));
#322 = CARTESIAN_POINT('NONE', (0.000000000000000007105427357601002, 0.053151270189221916, 0.047495190528383295));
#323 = AXIS2_PLACEMENT_3D('NONE', #322, #321, #320);
#324 = CIRCLE('NONE', #323, 0.001999999999999993);
#325 = DIRECTION('NONE', (1, -0.0000000000000008763360407707905, -0));
#326 = DIRECTION('NONE', (0, 0, 1));
#327 = CARTESIAN_POINT('NONE', (0.0000000000000000050242958677880824, 0.053151270189221944, 0.046495190528383294));
#328 = AXIS2_PLACEMENT_3D('NONE', #327, #326, #325);
#329 = CIRCLE('NONE', #328, 0.01621621621621621);
#330 = DIRECTION('NONE', (1, 0, 0.000000000000014210854715201877));
#331 = DIRECTION('NONE', (0, -1, 0));
#332 = CARTESIAN_POINT('NONE', (0.015216216216216206, 0.05315127018922193, 0.04649519052838328));
#333 = AXIS2_PLACEMENT_3D('NONE', #332, #331, #330);
#334 = CIRCLE('NONE', #333, 0.001000000000000009);
#335 = DIRECTION('NONE', (1, -0.000000000000000466964142506638, -0));
#336 = DIRECTION('NONE', (0, 0, -1));
#337 = CARTESIAN_POINT('NONE', (0.000000000000000005024295867788084, 0.05315127018922194, 0.04749519052838329));
#338 = AXIS2_PLACEMENT_3D('NONE', #337, #336, #335);
#339 = CIRCLE('NONE', #338, 0.01521621621621621);
#340 = DIRECTION('NONE', (1, 0, -0));
#341 = DIRECTION('NONE', (-0, 0, -1));
#342 = CARTESIAN_POINT('NONE', (0, 0.05315127018922193, 0.038495190528383294));
#343 = AXIS2_PLACEMENT_3D('NONE', #342, #341, #340);
#344 = CIRCLE('NONE', #343, 0.016216216216216214);
#345 = DIRECTION('NONE', (1, 0, -0));
#346 = DIRECTION('NONE', (0, 1, 0));
#347 = CARTESIAN_POINT('NONE', (0.015216216216216214, 0.05315127018922193, 0.038495190528383294));
#348 = AXIS2_PLACEMENT_3D('NONE', #347, #346, #345);
#349 = CIRCLE('NONE', #348, 0.001);
#350 = DIRECTION('NONE', (1, -0.0000000000000009339282850132754, -0));
#351 = DIRECTION('NONE', (0, 0, 1));
#352 = CARTESIAN_POINT('NONE', (-0.0000000000000000050242958677880824, 0.053151270189221944, 0.0374951905283833));
#353 = AXIS2_PLACEMENT_3D('NONE', #352, #351, #350);
#354 = CIRCLE('NONE', #353, 0.01521621621621622);
#355 = DIRECTION('NONE', (0, -0.0000000000000008673617379884035, 1));
#356 = VECTOR('NONE', #355, 1);
#357 = CARTESIAN_POINT('NONE', (0.016216216216216214, 0.05315127018922194, 0.038495190528383294));
#358 = LINE('NONE', #357, #356);
#359 = DIRECTION('NONE', (1, -0.0000000000000004500103993147301, -0));
#360 = DIRECTION('NONE', (0, 0, 1));
#361 = CARTESIAN_POINT('NONE', (-0, 0.05315127018922194, 0.020995190528383296));
#362 = AXIS2_PLACEMENT_3D('NONE', #361, #360, #359);
#363 = CIRCLE('NONE', #362, 0.015789473684210527);
#364 = DIRECTION('NONE', (0, 0, 1));
#365 = VECTOR('NONE', #364, 1);
#366 = CARTESIAN_POINT('NONE', (0.015789473684210527, 0.05315127018922193, 0.020995190528383296));
#367 = LINE('NONE', #366, #365);
#368 = DIRECTION('NONE', (1, -0.0000000000000004500103993147301, -0));
#369 = DIRECTION('NONE', (0, 0, 1));
#370 = CARTESIAN_POINT('NONE', (-0, 0.05315127018922194, 0.0359951905283833));
#371 = AXIS2_PLACEMENT_3D('NONE', #370, #369, #368);
#372 = CIRCLE('NONE', #371, 0.015789473684210527);
#373 = DIRECTION('NONE', (1, -0.000000000000003552713678800501, -0));
#374 = DIRECTION('NONE', (0, 0, 1));
#375 = CARTESIAN_POINT('NONE', (-0, 0.05315127018922194, 0.0359951905283833));
#376 = AXIS2_PLACEMENT_3D('NONE', #375, #374, #373);
#377 = CIRCLE('NONE', #376, 0.002);
#378 = DIRECTION('NONE', (1, -0.000000000000003552713678800519, -0));
#379 = DIRECTION('NONE', (0, 0, 1));
#380 = CARTESIAN_POINT('NONE', (0.000000000000000010048591735576196, 0.05315127018922194, 0.08032852386171661));
#381 = AXIS2_PLACEMENT_3D('NONE', #380, #379, #378);
#382 = CIRCLE('NONE', #381, 0.00199999999999999);
#383 = DIRECTION('NONE', (-0.7071067811865422, 0, 0.7071067811865529));
#384 = VECTOR('NONE', #383, 1);
#385 = CARTESIAN_POINT('NONE', (0.002, 0.05315127018922193, 0.08032852386171661));
#386 = LINE('NONE', #385, #384);
#387 = DIRECTION('NONE', (1, -0.00000000000000532907051820073, -0));
#388 = DIRECTION('NONE', (0, 0, -1));
#389 = CARTESIAN_POINT('NONE', (-0.0000000000000000050242958677881125, 0.05315127018922194, 0.08099519052838329));
#390 = AXIS2_PLACEMENT_3D('NONE', #389, #388, #387);
#391 = CIRCLE('NONE', #390, 0.0013333333333333385);
#392 = DIRECTION('NONE', (0, 0, 1));
#393 = VECTOR('NONE', #392, 1);
#394 = CARTESIAN_POINT('NONE', (0.002, 0.05315127018922193, 0.0359951905283833));
#395 = LINE('NONE', #394, #393);
#396 = CARTESIAN_POINT('NONE', (0.001, 0.05315127018922193, 0.020995190528383296));
#397 = CARTESIAN_POINT('NONE', (0.0009956895775416075, 0.05324397055123346, 0.020995190528383296));
#398 = CARTESIAN_POINT('NONE', (0.0009956851189054537, 0.05324406643909353, 0.020995190528383296));
#399 = CARTESIAN_POINT('NONE', (0.0009821913276597592, 0.05333912827407813, 0.020995190528383296));
#400 = CARTESIAN_POINT('NONE', (0.0009821773698850675, 0.05333922660461032, 0.020995190528383296));
#401 = CARTESIAN_POINT('NONE', (0.0009587933105617926, 0.053435356906999985, 0.020995190528383296));
#402 = CARTESIAN_POINT('NONE', (0.0009587691224425707, 0.05343545634273879, 0.020995190528383296));
#403 = CARTESIAN_POINT('NONE', (0.000925024529043583, 0.053531163553186295, 0.020995190528383296));
#404 = CARTESIAN_POINT('NONE', (0.0009249896241437558, 0.05353126255128516, 0.020995190528383296));
#405 = CARTESIAN_POINT('NONE', (0.0008807119002884831, 0.05362491082219851, 0.020995190528383296));
#406 = CARTESIAN_POINT('NONE', (0.0008806661000769509, 0.05362500769056129, 0.020995190528383296));
#407 = CARTESIAN_POINT('NONE', (0.0008260259191403676, 0.053714892168635384, 0.020995190528383296));
#408 = CARTESIAN_POINT('NONE', (0.0008259694001591019, 0.05371498514378746, 0.020995190528383296));
#409 = CARTESIAN_POINT('NONE', (0.000761502787656195, 0.05379942281836858, 0.020995190528383296));
#410 = CARTESIAN_POINT('NONE', (0.0007614361043619258, 0.05379951015942906, 0.020995190528383296));
#411 = CARTESIAN_POINT('NONE', (0.0006880372975427527, 0.053876937401823755, 0.020995190528383296));
#412 = CARTESIAN_POINT('NONE', (0.0006879613749210403, 0.05387701749139862, 0.020995190528383296));
#413 = CARTESIAN_POINT('NONE', (0.0006068446946057666, 0.05394608323413701, 0.020995190528383296));
#414 = CARTESIAN_POINT('NONE', (0.0006067607887318016, 0.053946154674702415, 0.020995190528383296));
#415 = CARTESIAN_POINT('NONE', (0.0005193945056456166, 0.05400579799598871, 0.020995190528383296));
#416 = CARTESIAN_POINT('NONE', (0.0005193041352765523, 0.0540058596901431, 0.020995190528383296));
#417 = CARTESIAN_POINT('NONE', (0.00042732376115044754, 0.054055362616496634, 0.020995190528383296));
#418 = CARTESIAN_POINT('NONE', (0.00042722861803501605, 0.05405541382157904, 0.020995190528383296));
#419 = CARTESIAN_POINT('NONE', (0.00033234010089145327, 0.054094424031280085, 0.020995190528383296));
#420 = CARTESIAN_POINT('NONE', (0.0003322419496366287, 0.054094464382854215, 0.020995190528383296));
#421 = CARTESIAN_POINT('NONE', (0.00023612619480504465, 0.05412298723790682, 0.020995190528383296));
#422 = CARTESIAN_POINT('NONE', (0.00023602677411401564, 0.054123016741519044, 0.020995190528383296));
#423 = CARTESIAN_POINT('NONE', (0.00014025566508837635, 0.054141380542716944, 0.020995190528383296));
#424 = CARTESIAN_POINT('NONE', (0.00014015660089378485, 0.05414139953795668, 0.020995190528383296));
#425 = CARTESIAN_POINT('NONE', (0.00004612778070531852, 0.05415020111890866, 0.020995190528383296));
#426 = CARTESIAN_POINT('NONE', (0.000046030518708092434, 0.05415021022313161, 0.020995190528383296));
#427 = CARTESIAN_POINT('NONE', (-0.000045935390554897335, 0.05415021022313161, 0.020995190528383296));
#428 = CARTESIAN_POINT('NONE', (-0.00004603051870809231, 0.05415021022313161, 0.020995190528383296));
#429 = CARTESIAN_POINT('NONE', (-0.00014005933889655881, 0.054141408642179624, 0.020995190528383296));
#430 = CARTESIAN_POINT('NONE', (-0.00014015660089378455, 0.05414139953795668, 0.020995190528383296));
#431 = CARTESIAN_POINT('NONE', (-0.00023592770991942403, 0.05412303573675878, 0.020995190528383296));
#432 = CARTESIAN_POINT('NONE', (-0.00023602677411401548, 0.054123016741519044, 0.020995190528383296));
#433 = CARTESIAN_POINT('NONE', (-0.00033214252894559957, 0.054094493886466435, 0.020995190528383296));
#434 = CARTESIAN_POINT('NONE', (-0.0003322419496366286, 0.054094464382854215, 0.020995190528383296));
#435 = CARTESIAN_POINT('NONE', (-0.00042713046678019133, 0.05405545417315317, 0.020995190528383296));
#436 = CARTESIAN_POINT('NONE', (-0.0004272286180350159, 0.05405541382157904, 0.020995190528383296));
#437 = CARTESIAN_POINT('NONE', (-0.0005192089921611209, 0.054005910895225495, 0.020995190528383296));
#438 = CARTESIAN_POINT('NONE', (-0.0005193041352765524, 0.0540058596901431, 0.020995190528383296));
#439 = CARTESIAN_POINT('NONE', (-0.0006066704183627367, 0.053946216368856804, 0.020995190528383296));
#440 = CARTESIAN_POINT('NONE', (-0.0006067607887318014, 0.053946154674702415, 0.020995190528383296));
#441 = CARTESIAN_POINT('NONE', (-0.0006878774690470755, 0.05387708893196403, 0.020995190528383296));
#442 = CARTESIAN_POINT('NONE', (-0.0006879613749210401, 0.05387701749139862, 0.020995190528383296));
#443 = CARTESIAN_POINT('NONE', (-0.0007063497235489908, 0.053857619912770924, 0.020995190528383296));
#444 = CARTESIAN_POINT('NONE', (-0.000761360181740213, 0.05379959024900394, 0.020995190528383296));
#445 = CARTESIAN_POINT('NONE', (-0.0007614361043619256, 0.053799510159429055, 0.020995190528383296));
#446 = CARTESIAN_POINT('NONE', (-0.0008259027168648327, 0.053715072484847935, 0.020995190528383296));
#447 = CARTESIAN_POINT('NONE', (-0.0008259694001591018, 0.05371498514378746, 0.020995190528383296));
#448 = CARTESIAN_POINT('NONE', (-0.0008806095810956856, 0.053625100665713375, 0.020995190528383296));
#449 = CARTESIAN_POINT('NONE', (-0.0008806661000769511, 0.0536250076905613, 0.020995190528383296));
#450 = CARTESIAN_POINT('NONE', (-0.0009249438239322231, 0.05353135941964794, 0.020995190528383296));
#451 = CARTESIAN_POINT('NONE', (-0.0009249896241437556, 0.05353126255128516, 0.020995190528383296));
#452 = CARTESIAN_POINT('NONE', (-0.0009587342175427431, 0.05343555534083764, 0.020995190528383296));
#453 = CARTESIAN_POINT('NONE', (-0.0009587691224425703, 0.053435456342738774, 0.020995190528383296));
#454 = CARTESIAN_POINT('NONE', (-0.0009821531817658451, 0.05333932604034911, 0.020995190528383296));
#455 = CARTESIAN_POINT('NONE', (-0.0009821773698850673, 0.05333922660461031, 0.020995190528383296));
#456 = CARTESIAN_POINT('NONE', (-0.000995671161130762, 0.05324416476962572, 0.020995190528383296));
#457 = CARTESIAN_POINT('NONE', (-0.0009956851189054535, 0.05324406643909353, 0.020995190528383296));
#458 = CARTESIAN_POINT('NONE', (-0.0009999955413638462, 0.053151366077082, 0.020995190528383296));
#459 = CARTESIAN_POINT('NONE', (-0.001, 0.05315127018922193, 0.020995190528383296));
#460 = CARTESIAN_POINT('NONE', (-0.0009956895775416073, 0.0530585698272104, 0.020995190528383296));
#461 = CARTESIAN_POINT('NONE', (-0.0009956851189054535, 0.05305847393935033, 0.020995190528383296));
#462 = CARTESIAN_POINT('NONE', (-0.0009821913276597592, 0.05296341210436575, 0.020995190528383296));
#463 = CARTESIAN_POINT('NONE', (-0.0009821773698850675, 0.05296331377383356, 0.020995190528383296));
#464 = CARTESIAN_POINT('NONE', (-0.0009587933105617926, 0.05286718347144388, 0.020995190528383296));
#465 = CARTESIAN_POINT('NONE', (-0.0009587691224425707, 0.05286708403570508, 0.020995190528383296));
#466 = CARTESIAN_POINT('NONE', (-0.0009250245290435831, 0.05277137682525756, 0.020995190528383296));
#467 = CARTESIAN_POINT('NONE', (-0.0009249896241437559, 0.0527712778271587, 0.020995190528383296));
#468 = CARTESIAN_POINT('NONE', (-0.000880711900288483, 0.05267762955624538, 0.020995190528383296));
#469 = CARTESIAN_POINT('NONE', (-0.0008806661000769507, 0.0526775326878826, 0.020995190528383296));
#470 = CARTESIAN_POINT('NONE', (-0.0008260259191403677, 0.052587648209808484, 0.020995190528383296));
#471 = CARTESIAN_POINT('NONE', (-0.0008259694001591018, 0.052587555234656407, 0.020995190528383296));
#472 = CARTESIAN_POINT('NONE', (-0.0007615027876561951, 0.05250311756007529, 0.020995190528383296));
#473 = CARTESIAN_POINT('NONE', (-0.0007614361043619257, 0.05250303021901481, 0.020995190528383296));
#474 = CARTESIAN_POINT('NONE', (-0.0006880372975427527, 0.05242560297662011, 0.020995190528383296));
#475 = CARTESIAN_POINT('NONE', (-0.0006879613749210403, 0.05242552288704524, 0.020995190528383296));
#476 = CARTESIAN_POINT('NONE', (-0.0006068446946057667, 0.05235645714430687, 0.020995190528383296));
#477 = CARTESIAN_POINT('NONE', (-0.0006067607887318017, 0.05235638570374146, 0.020995190528383296));
#478 = CARTESIAN_POINT('NONE', (-0.0005193945056456172, 0.05229674238245518, 0.020995190528383296));
#479 = CARTESIAN_POINT('NONE', (-0.0005193041352765526, 0.05229668068830079, 0.020995190528383296));
#480 = CARTESIAN_POINT('NONE', (-0.0004273237611504478, 0.05224717776194723, 0.020995190528383296));
#481 = CARTESIAN_POINT('NONE', (-0.0004272286180350163, 0.05224712655686484, 0.020995190528383296));
#482 = CARTESIAN_POINT('NONE', (-0.0003323401008914528, 0.05220811634716378, 0.020995190528383296));
#483 = CARTESIAN_POINT('NONE', (-0.00033224194963662855, 0.05220807599558965, 0.020995190528383296));
#484 = CARTESIAN_POINT('NONE', (-0.00023612619480504405, 0.052179553140537044, 0.020995190528383296));
#485 = CARTESIAN_POINT('NONE', (-0.00023602677411401542, 0.05217952363692482, 0.020995190528383296));
#486 = CARTESIAN_POINT('NONE', (-0.0001402556650883763, 0.05216115983572691, 0.020995190528383296));
#487 = CARTESIAN_POINT('NONE', (-0.0001401566008937848, 0.05216114084048718, 0.020995190528383296));
#488 = CARTESIAN_POINT('NONE', (-0.00004612778070531863, 0.052152339259535205, 0.020995190528383296));
#489 = CARTESIAN_POINT('NONE', (-0.000046030518708092556, 0.05215233015531226, 0.020995190528383296));
#490 = CARTESIAN_POINT('NONE', (0.00004593539055489722, 0.05215233015531227, 0.020995190528383296));
#491 = CARTESIAN_POINT('NONE', (0.00004603051870809219, 0.05215233015531227, 0.020995190528383296));
#492 = CARTESIAN_POINT('NONE', (0.0001400593388965587, 0.05216113173626423, 0.020995190528383296));
#493 = CARTESIAN_POINT('NONE', (0.00014015660089378441, 0.05216114084048718, 0.020995190528383296));
#494 = CARTESIAN_POINT('NONE', (0.00023592770991942398, 0.05217950464168509, 0.020995190528383296));
#495 = CARTESIAN_POINT('NONE', (0.00023602677411401507, 0.05217952363692482, 0.020995190528383296));
#496 = CARTESIAN_POINT('NONE', (0.0003321425289455995, 0.052208046491977425, 0.020995190528383296));
#497 = CARTESIAN_POINT('NONE', (0.00033224194963662817, 0.05220807599558965, 0.020995190528383296));
#498 = CARTESIAN_POINT('NONE', (0.0004271304667801916, 0.05224708620529072, 0.020995190528383296));
#499 = CARTESIAN_POINT('NONE', (0.0004272286180350155, 0.052247126556864844, 0.020995190528383296));
#500 = CARTESIAN_POINT('NONE', (0.0005192089921611208, 0.05229662948321838, 0.020995190528383296));
#501 = CARTESIAN_POINT('NONE', (0.0005193041352765523, 0.05229668068830078, 0.020995190528383296));
#502 = CARTESIAN_POINT('NONE', (0.0006066704183627367, 0.05235632400958707, 0.020995190528383296));
#503 = CARTESIAN_POINT('NONE', (0.0006067607887318014, 0.05235638570374146, 0.020995190528383296));
#504 = CARTESIAN_POINT('NONE', (0.0006878774690470753, 0.05242545144647983, 0.020995190528383296));
#505 = CARTESIAN_POINT('NONE', (0.00068796137492104, 0.05242552288704524, 0.020995190528383296));
#506 = CARTESIAN_POINT('NONE', (0.0007063497235489908, 0.052444920465672944, 0.020995190528383296));
#507 = CARTESIAN_POINT('NONE', (0.000761360181740213, 0.05250295012943993, 0.020995190528383296));
#508 = CARTESIAN_POINT('NONE', (0.0007614361043619256, 0.05250303021901481, 0.020995190528383296));
#509 = CARTESIAN_POINT('NONE', (0.0008259027168648326, 0.052587467893595925, 0.020995190528383296));
#510 = CARTESIAN_POINT('NONE', (0.0008259694001591017, 0.052587555234656407, 0.020995190528383296));
#511 = CARTESIAN_POINT('NONE', (0.0008806095810956853, 0.05267743971273051, 0.020995190528383296));
#512 = CARTESIAN_POINT('NONE', (0.0008806661000769507, 0.05267753268788259, 0.020995190528383296));
#513 = CARTESIAN_POINT('NONE', (0.0009249438239322229, 0.05277118095879592, 0.020995190528383296));
#514 = CARTESIAN_POINT('NONE', (0.0009249896241437554, 0.0527712778271587, 0.020995190528383296));
#515 = CARTESIAN_POINT('NONE', (0.0009587342175427432, 0.05286698503760622, 0.020995190528383296));
#516 = CARTESIAN_POINT('NONE', (0.0009587691224425706, 0.052867084035705086, 0.020995190528383296));
#517 = CARTESIAN_POINT('NONE', (0.0009821531817658451, 0.05296321433809474, 0.020995190528383296));
#518 = CARTESIAN_POINT('NONE', (0.0009821773698850673, 0.05296331377383355, 0.020995190528383296));
#519 = CARTESIAN_POINT('NONE', (0.0009956711611307618, 0.05305837560881814, 0.020995190528383296));
#520 = CARTESIAN_POINT('NONE', (0.0009956851189054533, 0.05305847393935033, 0.020995190528383296));
#521 = CARTESIAN_POINT('NONE', (0.0009999955413638462, 0.05315117430136186, 0.020995190528383296));
#522 = CARTESIAN_POINT('NONE', (0.001, 0.05315127018922193, 0.020995190528383296));
#523 = B_SPLINE_CURVE_WITH_KNOTS('NONE', 2, (#396, #397, #398, #399, #400, #401, #402, #403, #404, #405, #406, #407, #408, #409, #410, #411, #412, #413, #414, #415, #416, #417, #418, #419, #420, #421, #422, #423, #424, #425, #426, #427, #428, #429, #430, #431, #432, #433, #434, #435, #436, #437, #438, #439, #440, #441, #442, #443, #444, #445, #446, #447, #448, #449, #450, #451, #452, #453, #454, #455, #456, #457, #458, #459, #460, #461, #462, #463, #464, #465, #466, #467, #468, #469, #470, #471, #472, #473, #474, #475, #476, #477, #478, #479, #480, #481, #482, #483, #484, #485, #486, #487, #488, #489, #490, #491, #492, #493, #494, #495, #496, #497, #498, #499, #500, #501, #502, #503, #504, #505, #506, #507, #508, #509, #510, #511, #512, #513, #514, #515, #516, #517, #518, #519, #520, #521, #522), .UNSPECIFIED., .F., .F., (3, 1, 1, 1, 1, 1, 1, 1, 1, 1, 1, 1, 1, 1, 1, 1, 1, 1, 1, 1, 1, 1, 1, 1, 1, 1, 1, 1, 1, 1, 1, 1, 1, 1, 1, 1, 1, 1, 1, 1, 1, 1, 1, 1, 1, 1, 1, 1, 1, 1, 1, 1, 1, 1, 1, 1, 1, 1, 1, 1, 1, 1, 1, 1, 1, 1, 1, 1, 1, 1, 1, 1, 1, 1, 1, 1, 1, 1, 1, 1, 1, 1, 1, 1, 1, 1, 1, 1, 1, 1, 1, 1, 1, 1, 1, 1, 1, 1, 1, 1, 1, 1, 1, 1, 1, 1, 1, 1, 1, 1, 1, 1, 1, 1, 1, 1, 1, 1, 1, 1, 1, 1, 1, 1, 1, 3), (0, 0.008, 0.016, 0.024, 0.032, 0.04, 0.048, 0.056, 0.064, 0.07200000000000001, 0.08, 0.088, 0.096, 0.10400000000000001, 0.112, 0.12, 0.128, 0.136, 0.14400000000000002, 0.152, 0.16, 0.168, 0.176, 0.184, 0.192, 0.2, 0.20800000000000002, 0.216, 0.224, 0.232, 0.24, 0.248, 0.256, 0.264, 0.272, 0.28, 0.28800000000000003, 0.296, 0.304, 0.312, 0.32, 0.328, 0.336, 0.34400000000000003, 0.352, 0.36, 0.368, 0.376, 0.384, 0.392, 0.4, 0.40800000000000003, 0.41600000000000004, 0.424, 0.432, 0.44, 0.448, 0.456, 0.464, 0.47200000000000003, 0.48, 0.488, 0.496, 0.504, 0.512, 0.52, 0.528, 0.536, 0.544, 0.552, 0.56, 0.5680000000000001, 0.5760000000000001, 0.584, 0.592, 0.6, 0.608, 0.616, 0.624, 0.632, 0.64, 0.648, 0.6559999999999999, 0.6639999999999999, 0.6719999999999999, 0.6799999999999999, 0.688, 0.696, 0.704, 0.712, 0.72, 0.728, 0.736, 0.744, 0.752, 0.76, 0.768, 0.776, 0.784, 0.792, 0.8, 0.808, 0.8160000000000001, 0.8240000000000001, 0.832, 0.84, 0.848, 0.856, 0.864, 0.872, 0.88, 0.888, 0.896, 0.904, 0.912, 0.92, 0.9279999999999999, 0.9359999999999999, 0.944, 0.952, 0.96, 0.968, 0.976, 0.984, 0.992, 1), .UNSPECIFIED.);
#524 = DIRECTION('NONE', (0, 0, 1));
#525 = VECTOR('NONE', #524, 1);
#526 = CARTESIAN_POINT('NONE', (0.001, 0.05315127018922193, 0.02099419052838329));
#527 = LINE('NONE', #526, #525);
#528 = DIRECTION('NONE', (1, 0.000000000000007105427357601002, -0));
#529 = DIRECTION('NONE', (0, 0, 1));
#530 = CARTESIAN_POINT('NONE', (-0, 0.05315127018922192, 0.08099519052838329));
#531 = AXIS2_PLACEMENT_3D('NONE', #530, #529, #528);
#532 = CIRCLE('NONE', #531, 0.001);
#533 = DIRECTION('NONE', (0, 0, -1));
#534 = VECTOR('NONE', #533, 1);
#535 = CARTESIAN_POINT('NONE', (-0.015, 0, -0));
#536 = LINE('NONE', #535, #534);
#537 = DIRECTION('NONE', (0, 0, -1));
#538 = VECTOR('NONE', #537, 1);
#539 = CARTESIAN_POINT('NONE', (0.015, 0, -0));
#540 = LINE('NONE', #539, #538);
#541 = DIRECTION('NONE', (1, 0, 0));
#542 = VECTOR('NONE', #541, 1);
#543 = CARTESIAN_POINT('NONE', (-0.015, 0, -0));
#544 = LINE('NONE', #543, #542);
#545 = DIRECTION('NONE', (1, 0, 0));
#546 = VECTOR('NONE', #545, 1);
#547 = CARTESIAN_POINT('NONE', (-0.015, 0.006, -0));
#548 = LINE('NONE', #547, #546);
#549 = DIRECTION('NONE', (0, -1, 0.0000000000000003613327038121279));
#550 = DIRECTION('NONE', (-1, 0, 0));
#551 = CARTESIAN_POINT('NONE', (-0.015, 0.013500000000000002, -0.0000000000000000013322676295501879));
#552 = AXIS2_PLACEMENT_3D('NONE', #551, #550, #549);
#553 = CIRCLE('NONE', #552, 0.0075000000000000015);
#554 = DIRECTION('NONE', (1, 0, 0));
#555 = VECTOR('NONE', #554, 1);
#556 = CARTESIAN_POINT('NONE', (-0.015, 0.00975, 0.006495190528383289));
#557 = LINE('NONE', #556, #555);
#558 = DIRECTION('NONE', (0, -1, 0.0000000000000003613327038121279));
#559 = DIRECTION('NONE', (-1, 0, 0));
#560 = CARTESIAN_POINT('NONE', (0.015, 0.013500000000000002, -0.0000000000000000013322676295501879));
#561 = AXIS2_PLACEMENT_3D('NONE', #560, #559, #558);
#562 = CIRCLE('NONE', #561, 0.0075000000000000015);
#563 = DIRECTION('NONE', (0, 0.8660254037844386, 0.5000000000000002));
#564 = VECTOR('NONE', #563, 1);
#565 = CARTESIAN_POINT('NONE', (-0.015, 0.00975, 0.006495190528383289));
#566 = LINE('NONE', #565, #564);
#567 = DIRECTION('NONE', (0, 0.8660254037844386, 0.5000000000000002));
#568 = VECTOR('NONE', #567, 1);
#569 = CARTESIAN_POINT('NONE', (0.015, 0.00975, 0.006495190528383289));
#570 = LINE('NONE', #569, #568);
#571 = DIRECTION('NONE', (1, 0, 0));
#572 = VECTOR('NONE', #571, 1);
#573 = CARTESIAN_POINT('NONE', (-0.015, 0.006749999999999993, 0.011691342951089926));
#574 = LINE('NONE', #573, #572);
#575 = DIRECTION('NONE', (0, -0.5000000000000003, 0.8660254037844386));
#576 = DIRECTION('NONE', (1.0000000000000002, 0, 0));
#577 = CARTESIAN_POINT('NONE', (-0.015, 0.01349999999999999, 0.000000000000000017319479184152442));
#578 = AXIS2_PLACEMENT_3D('NONE', #577, #576, #575);
#579 = CIRCLE('NONE', #578, 0.013499999999999988);
#580 = DIRECTION('NONE', (0, -0.5000000000000003, 0.8660254037844386));
#581 = DIRECTION('NONE', (1.0000000000000002, 0, 0));
#582 = CARTESIAN_POINT('NONE', (0.015, 0.01349999999999999, 0.000000000000000017319479184152442));
#583 = AXIS2_PLACEMENT_3D('NONE', #582, #581, #580);
#584 = CIRCLE('NONE', #583, 0.013499999999999988);
#585 = CARTESIAN_POINT('NONE', (-0.015, 0, -0.14507193459685544));
#586 = CARTESIAN_POINT('NONE', (-0.014969415249225767, 0, -0.14498146685651586));
#587 = CARTESIAN_POINT('NONE', (-0.014892539899457099, -0.00000000000000000011102230246251566, -0.14475407447942165));
#588 = CARTESIAN_POINT('NONE', (-0.014837135588971182, 0, -0.14460296105428666));
#589 = CARTESIAN_POINT('NONE', (-0.014754029123242312, 0, -0.1443762909165841));
#590 = CARTESIAN_POINT('NONE', (-0.014694457205379636, 0, -0.1442258227895511));
#591 = CARTESIAN_POINT('NONE', (-0.01460509932858562, 0, -0.14400012059900164));
#592 = CARTESIAN_POINT('NONE', (-0.014541354601455097, 0, -0.14385046385628938));
#593 = CARTESIAN_POINT('NONE', (-0.014445737510759312, 0.00000000000000000011102230246251566, -0.14362597874222105));
#594 = CARTESIAN_POINT('NONE', (-0.014377823342395167, 0, -0.14347730123669045));
#595 = CARTESIAN_POINT('NONE', (-0.014275952089848951, 0, -0.14325428497839454));
#596 = CARTESIAN_POINT('NONE', (-0.014203880622780647, 0.00000000000000000005551115123125783, -0.14310675578980434));
#597 = CARTESIAN_POINT('NONE', (-0.014095773422178189, 0.00000000000000000005551115123125783, -0.1428854620069191));
#598 = CARTESIAN_POINT('NONE', (-0.014019565738003446, 0, -0.14273925087990288));
#599 = CARTESIAN_POINT('NONE', (-0.01390525421174133, 0, -0.1425199341893786));
#600 = CARTESIAN_POINT('NONE', (-0.013824940453163846, 0, -0.14237521095254396));
#601 = CARTESIAN_POINT('NONE', (-0.013704469815297616, 0, -0.14215812609729195));
#602 = CARTESIAN_POINT('NONE', (-0.013620089263417456, 0, -0.14201506006715484));
#603 = CARTESIAN_POINT('NONE', (-0.01349351843559722, 0, -0.14180046102194915));
#604 = CARTESIAN_POINT('NONE', (-0.013405119540609139, 0, -0.14165922039569173));
#605 = CARTESIAN_POINT('NONE', (-0.013272521198127017, 0.00000000000000000005551115123125783, -0.14144735945630554));
#606 = CARTESIAN_POINT('NONE', (-0.01318016156198633, -0.00000000000000000005551115123125783, -0.14130811069757998));
#607 = CARTESIAN_POINT('NONE', (-0.013041622107775295, -0.00000000000000000005551115123125783, -0.14109923755949172));
#608 = CARTESIAN_POINT('NONE', (-0.012945368417827167, -0.00000000000000000005551115123125783, -0.14096214478168267));
#609 = CARTESIAN_POINT('NONE', (-0.012800987882904971, -0.00000000000000000005551115123125783, -0.14075650561496914));
#610 = CARTESIAN_POINT('NONE', (-0.012700915795935469, 0, -0.14062172996646485));
#611 = CARTESIAN_POINT('NONE', (-0.012550807665481212, 0.00000000000000000011102230246251566, -0.1404195664937084));
#612 = CARTESIAN_POINT('NONE', (-0.012447001642130232, -0.00000000000000000005551115123125783, -0.14028726554981424));
#613 = CARTESIAN_POINT('NONE', (-0.012291292607103758, 0, -0.140088814133973));
#614 = CARTESIAN_POINT('NONE', (-0.012183845697074418, 0, -0.1399591413001283));
#615 = CARTESIAN_POINT('NONE', (-0.012022675332030408, 0, -0.13976463204936118));
#616 = CARTESIAN_POINT('NONE', (-0.011911688911028378, 0, -0.1396377359802855));
#617 = CARTESIAN_POINT('NONE', (-0.011745209279525331, 0.00000000000000000005551115123125783, -0.13944739187667196));
#618 = CARTESIAN_POINT('NONE', (-0.01163079273935749, 0, -0.13932341591597555));
#619 = CARTESIAN_POINT('NONE', (-0.01145916792910572, 0, -0.13913745197493094));
#620 = CARTESIAN_POINT('NONE', (-0.011341438322852155, 0, -0.13901653361956987));
#621 = CARTESIAN_POINT('NONE', (-0.011164843913471804, 0, -0.13883515608652816));
#622 = CARTESIAN_POINT('NONE', (-0.011043925558110707, 0, -0.13871742648027463));
#623 = CARTESIAN_POINT('NONE', (-0.01086254802506906, -0.00000000000000000005551115123125783, -0.1385408320708943));
#624 = CARTESIAN_POINT('NONE', (-0.010738572064372651, 0, -0.13842641553072643));
#625 = CARTESIAN_POINT('NONE', (-0.010552608123328035, -0.00000000000000000005551115123125783, -0.1382547907204747));
#626 = CARTESIAN_POINT('NONE', (-0.010425712054252351, 0, -0.13814380429947262));
#627 = CARTESIAN_POINT('NONE', (-0.010235367950638823, 0.00000000000000000005551115123125783, -0.1379773246679696));
#628 = CARTESIAN_POINT('NONE', (-0.010105695116794095, -0.00000000000000000005551115123125783, -0.13786987775794027));
#629 = CARTESIAN_POINT('NONE', (-0.009911185866026998, 0, -0.13770870739289626));
#630 = CARTESIAN_POINT('NONE', (-0.00977888492213284, 0, -0.13760490136954528));
#631 = CARTESIAN_POINT('NONE', (-0.009580433506291605, 0, -0.1374491923345188));
#632 = CARTESIAN_POINT('NONE', (-0.009445657857787304, 0, -0.1373491202475493));
#633 = CARTESIAN_POINT('NONE', (-0.009243494385030849, 0, -0.13719901211709504));
#634 = CARTESIAN_POINT('NONE', (-0.009106401607221837, 0, -0.13710275842714692));
#635 = CARTESIAN_POINT('NONE', (-0.008900762440508315, -0.00000000000000000005551115123125783, -0.13695837789222473));
#636 = CARTESIAN_POINT('NONE', (-0.008761513681782762, 0, -0.13686601825608402));
#637 = CARTESIAN_POINT('NONE', (-0.00855264054369443, 0, -0.13672747880187297));
#638 = CARTESIAN_POINT('NONE', (-0.008411399917436991, 0, -0.1366390799068849));
#639 = CARTESIAN_POINT('NONE', (-0.00819953897805083, -0.00000000000000000011102230246251566, -0.13650648156440282));
#640 = CARTESIAN_POINT('NONE', (-0.008056472947913713, 0, -0.13642210101252264));
#641 = CARTESIAN_POINT('NONE', (-0.007841873902708034, 0.00000000000000000005551115123125783, -0.1362955301847024));
#642 = CARTESIAN_POINT('NONE', (-0.00769715066587337, 0, -0.13621521642612489));
#643 = CARTESIAN_POINT('NONE', (-0.007480065810621368, 0.00000000000000000005551115123125783, -0.13609474578825867));
#644 = CARTESIAN_POINT('NONE', (-0.0073338546836051845, -0.00000000000000000005551115123125783, -0.1360185381040839));
#645 = CARTESIAN_POINT('NONE', (-0.0071145379930809055, 0.00000000000000000005551115123125783, -0.1359042265778218));
#646 = CARTESIAN_POINT('NONE', (-0.006967008804490751, 0.00000000000000000005551115123125783, -0.13583215511075353));
#647 = CARTESIAN_POINT('NONE', (-0.006745715021605515, 0, -0.13572404791015108));
#648 = CARTESIAN_POINT('NONE', (-0.006597037516074899, -0.00000000000000000005551115123125783, -0.13565613374178692));
#649 = CARTESIAN_POINT('NONE', (-0.00637402125777897, 0.00000000000000000005551115123125783, -0.1355542624892407));
#650 = CARTESIAN_POINT('NONE', (-0.006318323051986002, 0, -0.1355305384199767));
#651 = CARTESIAN_POINT('NONE', (-0.006224364515066737, 0.00000000000000000005551115123125783, -0.13549051776211016));
#652 = CARTESIAN_POINT('NONE', (-0.00599987940099838, -0.00000000000000000005551115123125783, -0.1353949006714144));
#653 = CARTESIAN_POINT('NONE', (-0.005849411273965389, 0, -0.13533532875355173));
#654 = CARTESIAN_POINT('NONE', (-0.005623709083415898, 0, -0.1352459708767577));
#655 = CARTESIAN_POINT('NONE', (-0.005472595658280878, 0, -0.13519056656627176));
#656 = CARTESIAN_POINT('NONE', (-0.005245925520578346, 0, -0.13510746010054292));
#657 = CARTESIAN_POINT('NONE', (-0.005094330602515548, 0, -0.1350562098673638));
#658 = CARTESIAN_POINT('NONE', (-0.005, 0, -0.13502431918503335));
#659 = CARTESIAN_POINT('NONE', (-0.004866938225421345, -0.00000000000000000005551115123125783, -0.13497933451759514));
#660 = CARTESIAN_POINT('NONE', (-0.004715022852201339, 0, -0.13493221677934084));
#661 = CARTESIAN_POINT('NONE', (-0.004487149792371326, -0.00000000000000000005551115123125783, -0.1348615401719594));
#662 = CARTESIAN_POINT('NONE', (-0.004335071778369382, 0, -0.13481852560067914));
#663 = CARTESIAN_POINT('NONE', (-0.004106954757366464, 0, -0.13475400374375876));
#664 = CARTESIAN_POINT('NONE', (-0.00395486826987682, 0, -0.13471505560016822));
#665 = CARTESIAN_POINT('NONE', (-0.0037267385386423497, 0.00000000000000000005551115123125783, -0.1346566333847824));
#666 = CARTESIAN_POINT('NONE', (-0.0035747937080476576, 0.00000000000000000005551115123125783, -0.13462170787651404));
#667 = CARTESIAN_POINT('NONE', (-0.003346876462155617, 0, -0.13456931961411148));
#668 = CARTESIAN_POINT('NONE', (-0.0031952190271147575, 0.00000000000000000005551115123125783, -0.13453836627445595));
#669 = CARTESIAN_POINT('NONE', (-0.002967732874553459, 0, -0.13449193626497263));
#670 = CARTESIAN_POINT('NONE', (-0.002816503862993145, 0, -0.13446489834858388));
#671 = CARTESIAN_POINT('NONE', (-0.002589660345652671, 0.00000000000000000005551115123125783, -0.1344243414740008));
#672 = CARTESIAN_POINT('NONE', (-0.0024389957919839296, 0, -0.13440115636607575));
#673 = CARTESIAN_POINT('NONE', (-0.002212998961480813, 0, -0.13436637870418816));
#674 = CARTESIAN_POINT('NONE', (-0.002063029660114531, 0, -0.13434697833970632));
#675 = CARTESIAN_POINT('NONE', (-0.0018380757080651033, 0, -0.13431787779298357));
#676 = CARTESIAN_POINT('NONE', (-0.0016889270029755005, 0.00000000000000000005551115123125783, -0.13430218908270306));
#677 = CARTESIAN_POINT('NONE', (-0.0014652039453410934, 0.00000000000000000005551115123125783, -0.13427865601728228));
#678 = CARTESIAN_POINT('NONE', (-0.0013169955551248602, 0, -0.13426660127732631));
#679 = CARTESIAN_POINT('NONE', (-0.0010946829698005045, -0.00000000000000000005551115123125783, -0.13424851916739236));
#680 = CARTESIAN_POINT('NONE', (-0.0009475288474050998, 0, -0.13424001654942694));
#681 = CARTESIAN_POINT('NONE', (-0.0007267976638119877, 0, -0.13422726262247883));
#682 = CARTESIAN_POINT('NONE', (-0.0005808058898608595, 0, -0.13422222654166874));
#683 = CARTESIAN_POINT('NONE', (-0.00036181822893416364, -0.00000000000000000005551115123125783, -0.13421467242045362));
#684 = CARTESIAN_POINT('NONE', (-0.00021709093736050277, 0, -0.13421301397858795));
#685 = CARTESIAN_POINT('NONE', (-0.0000000000000000029004792611384685, 0, -0.13421052631578947));
#686 = CARTESIAN_POINT('NONE', (0.00014472729157365924, 0, -0.13421218475765515));
#687 = CARTESIAN_POINT('NONE', (0.0003618182289341579, 0, -0.13421467242045357));
#688 = CARTESIAN_POINT('NONE', (0.0005078100028852845, 0, -0.1342197085012637));
#689 = CARTESIAN_POINT('NONE', (0.0007267976638119818, 0.00000000000000000005551115123125783, -0.1342272626224788));
#690 = CARTESIAN_POINT('NONE', (0.0008739517862073874, -0.00000000000000000005551115123125783, -0.13423576524044423));
#691 = CARTESIAN_POINT('NONE', (0.001094682969800499, -0.00000000000000000011102230246251566, -0.13424851916739236));
#692 = CARTESIAN_POINT('NONE', (0.0012428913600167327, 0, -0.13426057390734836));
#693 = CARTESIAN_POINT('NONE', (0.0014652039453410877, 0.00000000000000000005551115123125783, -0.1342786560172823));
#694 = CARTESIAN_POINT('NONE', (0.0016143526504306888, 0, -0.13429434472756283));
#695 = CARTESIAN_POINT('NONE', (0.0018380757080650977, -0.00000000000000000011102230246251566, -0.13431787779298357));
#696 = CARTESIAN_POINT('NONE', (0.00198804500943138, 0, -0.1343372781574654));
#697 = CARTESIAN_POINT('NONE', (0.0022129989614808063, -0.00000000000000000005551115123125783, -0.13436637870418813));
#698 = CARTESIAN_POINT('NONE', (0.002363663515149548, 0, -0.1343895638121132));
#699 = CARTESIAN_POINT('NONE', (0.002589660345652666, 0.00000000000000000005551115123125783, -0.13442434147400084));
#700 = CARTESIAN_POINT('NONE', (0.0027408893572129773, 0, -0.13445137939038954));
#701 = CARTESIAN_POINT('NONE', (0.002967732874553453, -0.00000000000000000011102230246251566, -0.13449193626497263));
#702 = CARTESIAN_POINT('NONE', (0.003119390309594315, -0.00000000000000000005551115123125783, -0.13452288960462816));
#703 = CARTESIAN_POINT('NONE', (0.0033468764621556106, 0, -0.13456931961411145));
#704 = CARTESIAN_POINT('NONE', (0.0034988212927503028, 0, -0.1346042451223798));
#705 = CARTESIAN_POINT('NONE', (0.003726738538642344, -0.00000000000000000005551115123125783, -0.13465663338478243));
#706 = CARTESIAN_POINT('NONE', (0.0038788250261319874, 0, -0.13469558152837294));
#707 = CARTESIAN_POINT('NONE', (0.004106954757366457, -0.00000000000000000011102230246251566, -0.13475400374375876));
#708 = CARTESIAN_POINT('NONE', (0.0041417010548678804, 0, -0.1347638315752202));
#709 = CARTESIAN_POINT('NONE', (0.004259032771368402, -0.00000000000000000005551115123125783, -0.13479701831503904));
#710 = CARTESIAN_POINT('NONE', (0.004487149792371321, 0, -0.13486154017195942));
#711 = CARTESIAN_POINT('NONE', (0.004639065165591327, 0, -0.13490865791021373));
#712 = CARTESIAN_POINT('NONE', (0.00486693822542134, 0.00000000000000000005551115123125783, -0.13497933451759514));
#713 = CARTESIAN_POINT('NONE', (0.005, 0, -0.13502431918503335));
#714 = CARTESIAN_POINT('NONE', (0.005018533143484138, 0, -0.13503058475077423));
#715 = CARTESIAN_POINT('NONE', (0.005245925520578339, 0, -0.13510746010054292));
#716 = CARTESIAN_POINT('NONE', (0.005397038945713358, 0, -0.13516286441102884));
#717 = CARTESIAN_POINT('NONE', (0.0056237090834158916, 0, -0.1352459708767577));
#718 = CARTESIAN_POINT('NONE', (0.005774177210448882, -0.00000000000000000005551115123125783, -0.13530554279462037));
#719 = CARTESIAN_POINT('NONE', (0.005999879400998373, 0.00000000000000000005551115123125783, -0.1353949006714144));
#720 = CARTESIAN_POINT('NONE', (0.006149536143710607, 0, -0.1354586453985449));
#721 = CARTESIAN_POINT('NONE', (0.0063740212577789645, 0, -0.1355542624892407));
#722 = CARTESIAN_POINT('NONE', (0.00652269876330958, 0, -0.13562217665760484));
#723 = CARTESIAN_POINT('NONE', (0.006745715021605509, -0.00000000000000000011102230246251566, -0.13572404791015108));
#724 = CARTESIAN_POINT('NONE', (0.0068932442101956645, 0, -0.1357961193772194));
#725 = CARTESIAN_POINT('NONE', (0.0071145379930809, 0.00000000000000000005551115123125783, -0.1359042265778218));
#726 = CARTESIAN_POINT('NONE', (0.007260749120097082, 0, -0.13598043426199655));
#727 = CARTESIAN_POINT('NONE', (0.007480065810621362, 0.00000000000000000005551115123125783, -0.13609474578825867));
#728 = CARTESIAN_POINT('NONE', (0.007624789047456024, 0, -0.13617505954683617));
#729 = CARTESIAN_POINT('NONE', (0.007841873902708019, 0, -0.13629553018470236));
#730 = CARTESIAN_POINT('NONE', (0.007984939932845134, 0, -0.13637991073658254));
#731 = CARTESIAN_POINT('NONE', (0.008199538978050815, 0.00000000000000000005551115123125783, -0.1365064815644028));
#732 = CARTESIAN_POINT('NONE', (0.008340779604308252, 0, -0.13659488045939083));
#733 = CARTESIAN_POINT('NONE', (0.008552640543694414, 0, -0.136727478801873));
#734 = CARTESIAN_POINT('NONE', (0.008691889302419965, 0.00000000000000000005551115123125783, -0.13681983843801368));
#735 = CARTESIAN_POINT('NONE', (0.0089007624405083, 0, -0.1369583778922247));
#736 = CARTESIAN_POINT('NONE', (0.009037855218317315, -0.00000000000000000005551115123125783, -0.13705463158217282));
#737 = CARTESIAN_POINT('NONE', (0.009243494385030844, -0.00000000000000000005551115123125783, -0.13719901211709504));
#738 = CARTESIAN_POINT('NONE', (0.009378270033535144, 0, -0.13729908420406453));
#739 = CARTESIAN_POINT('NONE', (0.009580433506291602, 0, -0.1374491923345188));
#740 = CARTESIAN_POINT('NONE', (0.009712734450185756, -0.00000000000000000005551115123125783, -0.1375529983578698));
#741 = CARTESIAN_POINT('NONE', (0.009911185866026994, 0, -0.13770870739289626));
#742 = CARTESIAN_POINT('NONE', (0.010040858699871721, 0, -0.1378161543029256));
#743 = CARTESIAN_POINT('NONE', (0.010235367950638818, 0.00000000000000000011102230246251566, -0.1379773246679696));
#744 = CARTESIAN_POINT('NONE', (0.010362264019714502, 0, -0.13808831108897163));
#745 = CARTESIAN_POINT('NONE', (0.01055260812332803, -0.00000000000000000005551115123125783, -0.1382547907204747));
#746 = CARTESIAN_POINT('NONE', (0.01067658408402444, 0, -0.13836920726064253));
#747 = CARTESIAN_POINT('NONE', (0.010862548025069056, 0, -0.13854083207089432));
#748 = CARTESIAN_POINT('NONE', (0.010983466380430153, 0, -0.13865856167714788));
#749 = CARTESIAN_POINT('NONE', (0.011164843913471799, 0, -0.1388351560865282));
#750 = CARTESIAN_POINT('NONE', (0.011282573519725366, 0, -0.13895607444188932));
#751 = CARTESIAN_POINT('NONE', (0.011459167929105715, 0.00000000000000000005551115123125783, -0.13913745197493094));
#752 = CARTESIAN_POINT('NONE', (0.011494535385629256, 0, -0.13917577435728462));
#753 = CARTESIAN_POINT('NONE', (0.01157358446927356, -0.00000000000000000005551115123125783, -0.13926142793562735));
#754 = CARTESIAN_POINT('NONE', (0.011745209279525328, -0.00000000000000000005551115123125783, -0.13944739187667196));
#755 = CARTESIAN_POINT('NONE', (0.011856195700527357, 0, -0.13957428794574764));
#756 = CARTESIAN_POINT('NONE', (0.012022675332030405, 0.00000000000000000005551115123125783, -0.13976463204936118));
#757 = CARTESIAN_POINT('NONE', (0.012130122242059742, 0, -0.1398943048832059));
#758 = CARTESIAN_POINT('NONE', (0.012291292607103753, -0.00000000000000000005551115123125783, -0.14008881413397298));
#759 = CARTESIAN_POINT('NONE', (0.012395098630454734, 0, -0.14022111507786716));
#760 = CARTESIAN_POINT('NONE', (0.01255080766548121, -0.00000000000000000011102230246251566, -0.1404195664937084));
#761 = CARTESIAN_POINT('NONE', (0.012650879752450713, 0, -0.1405543421422127));
#762 = CARTESIAN_POINT('NONE', (0.012800987882904971, 0, -0.14075650561496916));
#763 = CARTESIAN_POINT('NONE', (0.012897241572853097, 0, -0.14089359839277818));
#764 = CARTESIAN_POINT('NONE', (0.01304162210777529, 0.00000000000000000005551115123125783, -0.14109923755949166));
#765 = CARTESIAN_POINT('NONE', (0.013133981743915979, 0, -0.1412384863182172));
#766 = CARTESIAN_POINT('NONE', (0.013272521198127014, 0, -0.14144735945630554));
#767 = CARTESIAN_POINT('NONE', (0.013360920093115094, 0, -0.141588600082563));
#768 = CARTESIAN_POINT('NONE', (0.013493518435597218, 0.00000000000000000011102230246251566, -0.14180046102194915));
#769 = CARTESIAN_POINT('NONE', (0.013577898987477376, 0.00000000000000000005551115123125783, -0.14194352705208627));
#770 = CARTESIAN_POINT('NONE', (0.01370446981529762, 0, -0.14215812609729198));
#771 = CARTESIAN_POINT('NONE', (0.013784783573875107, 0, -0.14230284933412665));
#772 = CARTESIAN_POINT('NONE', (0.013905254211741335, 0.00000000000000000005551115123125783, -0.14251993418937864));
#773 = CARTESIAN_POINT('NONE', (0.013981461895916075, 0, -0.14266614531639482));
#774 = CARTESIAN_POINT('NONE', (0.01409577342217819, 0.00000000000000000005551115123125783, -0.14288546200691912));
#775 = CARTESIAN_POINT('NONE', (0.014167844889246491, 0.00000000000000000005551115123125783, -0.14303299119550927));
#776 = CARTESIAN_POINT('NONE', (0.014275952089848947, 0.00000000000000000005551115123125783, -0.1432542849783945));
#777 = CARTESIAN_POINT('NONE', (0.014343866258213092, 0, -0.14340296248392512));
#778 = CARTESIAN_POINT('NONE', (0.014445737510759308, 0.00000000000000000005551115123125783, -0.14362597874222105));
#779 = CARTESIAN_POINT('NONE', (0.01450948223788983, 0, -0.14377563548493327));
#780 = CARTESIAN_POINT('NONE', (0.014605099328585619, -0.00000000000000000005551115123125783, -0.14400012059900164));
#781 = CARTESIAN_POINT('NONE', (0.014664671246448295, 0, -0.14415058872603462));
#782 = CARTESIAN_POINT('NONE', (0.01475402912324231, 0, -0.1443762909165841));
#783 = CARTESIAN_POINT('NONE', (0.014809433433728224, 0, -0.14452740434171912));
#784 = CARTESIAN_POINT('NONE', (0.014892539899457095, 0, -0.14475407447942165));
#785 = CARTESIAN_POINT('NONE', (0.014943790132636206, 0, -0.14490566939748448));
#786 = CARTESIAN_POINT('NONE', (0.015, 0, -0.14507193459685547));
#787 = B_SPLINE_CURVE_WITH_KNOTS('NONE', 2, (#585, #586, #587, #588, #589, #590, #591, #592, #593, #594, #595, #596, #597, #598, #599, #600, #601, #602, #603, #604, #605, #606, #607, #608, #609, #610, #611, #612, #613, #614, #615, #616, #617, #618, #619, #620, #621, #622, #623, #624, #625, #626, #627, #628, #629, #630, #631, #632, #633, #634, #635, #636, #637, #638, #639, #640, #641, #642, #643, #644, #645, #646, #647, #648, #649, #650, #651, #652, #653, #654, #655, #656, #657, #658, #659, #660, #661, #662, #663, #664, #665, #666, #667, #668, #669, #670, #671, #672, #673, #674, #675, #676, #677, #678, #679, #680, #681, #682, #683, #684, #685, #686, #687, #688, #689, #690, #691, #692, #693, #694, #695, #696, #697, #698, #699, #700, #701, #702, #703, #704, #705, #706, #707, #708, #709, #710, #711, #712, #713, #714, #715, #716, #717, #718, #719, #720, #721, #722, #723, #724, #725, #726, #727, #728, #729, #730, #731, #732, #733, #734, #735, #736, #737, #738, #739, #740, #741, #742, #743, #744, #745, #746, #747, #748, #749, #750, #751, #752, #753, #754, #755, #756, #757, #758, #759, #760, #761, #762, #763, #764, #765, #766, #767, #768, #769, #770, #771, #772, #773, #774, #775, #776, #777, #778, #779, #780, #781, #782, #783, #784, #785, #786), .UNSPECIFIED., .F., .F., (3, 1, 1, 1, 1, 1, 1, 1, 1, 1, 1, 1, 1, 1, 1, 1, 1, 1, 1, 1, 1, 1, 1, 1, 1, 1, 1, 1, 1, 1, 1, 1, 1, 1, 1, 1, 1, 1, 1, 1, 1, 1, 1, 1, 1, 1, 1, 1, 1, 1, 1, 1, 1, 1, 1, 1, 1, 1, 1, 1, 1, 1, 1, 1, 1, 1, 1, 1, 1, 1, 1, 1, 1, 1, 1, 1, 1, 1, 1, 1, 1, 1, 1, 1, 1, 1, 1, 1, 1, 1, 1, 1, 1, 1, 1, 1, 1, 1, 1, 1, 1, 1, 1, 1, 1, 1, 1, 1, 1, 1, 1, 1, 1, 1, 1, 1, 1, 1, 1, 1, 1, 1, 1, 1, 1, 1, 1, 1, 1, 1, 1, 1, 1, 1, 1, 1, 1, 1, 1, 1, 1, 1, 1, 1, 1, 1, 1, 1, 1, 1, 1, 1, 1, 1, 1, 1, 1, 1, 1, 1, 1, 1, 1, 1, 1, 1, 1, 1, 1, 1, 1, 1, 1, 1, 1, 1, 1, 1, 1, 1, 1, 1, 1, 1, 1, 1, 1, 1, 1, 1, 1, 1, 1, 1, 1, 1, 1, 1, 1, 1, 3), (0, 0.005, 0.01, 0.015, 0.02, 0.025, 0.03, 0.035, 0.04, 0.045, 0.05, 0.055, 0.06, 0.065, 0.07, 0.075, 0.08, 0.085, 0.09, 0.095, 0.1, 0.105, 0.11, 0.115, 0.12, 0.125, 0.13, 0.135, 0.14, 0.145, 0.15, 0.155, 0.16, 0.165, 0.17, 0.17500000000000002, 0.18, 0.185, 0.19, 0.195, 0.2, 0.20500000000000002, 0.21, 0.215, 0.22, 0.225, 0.23, 0.23500000000000001, 0.24, 0.245, 0.25, 0.255, 0.26, 0.265, 0.27, 0.275, 0.28, 0.28500000000000003, 0.29, 0.295, 0.3, 0.305, 0.31, 0.315, 0.32, 0.325, 0.33, 0.335, 0.34, 0.34500000000000003, 0.35000000000000003, 0.355, 0.36, 0.365, 0.37, 0.375, 0.38, 0.385, 0.39, 0.395, 0.4, 0.405, 0.41000000000000003, 0.41500000000000004, 0.42, 0.425, 0.43, 0.435, 0.44, 0.445, 0.45, 0.455, 0.46, 0.465, 0.47000000000000003, 0.47500000000000003, 0.48, 0.485, 0.49, 0.495, 0.5, 0.505, 0.51, 0.515, 0.52, 0.5249999999999999, 0.53, 0.5349999999999999, 0.54, 0.5449999999999999, 0.55, 0.5549999999999999, 0.56, 0.565, 0.5700000000000001, 0.575, 0.5800000000000001, 0.585, 0.59, 0.595, 0.6, 0.605, 0.61, 0.615, 0.62, 0.625, 0.63, 0.635, 0.64, 0.645, 0.6499999999999999, 0.655, 0.6599999999999999, 0.665, 0.6699999999999999, 0.675, 0.6799999999999999, 0.685, 0.69, 0.6950000000000001, 0.7, 0.7050000000000001, 0.71, 0.715, 0.72, 0.725, 0.73, 0.735, 0.74, 0.745, 0.75, 0.755, 0.76, 0.765, 0.77, 0.775, 0.78, 0.785, 0.79, 0.7949999999999999, 0.8, 0.8049999999999999, 0.81, 0.815, 0.8200000000000001, 0.825, 0.83, 0.835, 0.84, 0.845, 0.85, 0.855, 0.86, 0.865, 0.87, 0.875, 0.88, 0.885, 0.89, 0.895, 0.9, 0.905, 0.91, 0.915, 0.92, 0.925, 0.9299999999999999, 0.935, 0.94, 0.945, 0.95, 0.955, 0.96, 0.965, 0.97, 0.975, 0.98, 0.985, 0.99, 0.995, 1), .UNSPECIFIED.);
#788 = CARTESIAN_POINT('NONE', (-0.015, 0.006, -0.14507193459685544));
#789 = CARTESIAN_POINT('NONE', (-0.014897664922775009, 0.006, -0.14476923397122798));
#790 = CARTESIAN_POINT('NONE', (-0.014892539899457099, 0.006, -0.14475407447942168));
#791 = CARTESIAN_POINT('NONE', (-0.014759569554290907, 0.006, -0.1443914022590976));
#792 = CARTESIAN_POINT('NONE', (-0.014754029123242316, 0.006, -0.1443762909165841));
#793 = CARTESIAN_POINT('NONE', (-0.014611056520371885, 0.006, -0.14401516741170495));
#794 = CARTESIAN_POINT('NONE', (-0.014605099328585619, 0.006, -0.14400012059900164));
#795 = CARTESIAN_POINT('NONE', (-0.014452111983472361, 0.006, -0.14364094441649225));
#796 = CARTESIAN_POINT('NONE', (-0.01444573751075931, 0.006, -0.14362597874222105));
#797 = CARTESIAN_POINT('NONE', (-0.014282743506685366, 0.006, -0.14326915272894758));
#798 = CARTESIAN_POINT('NONE', (-0.014275952089848951, 0.006, -0.1432542849783945));
#799 = CARTESIAN_POINT('NONE', (-0.014102980568885017, 0.006, -0.14290021492577806));
#800 = CARTESIAN_POINT('NONE', (-0.014095773422178185, 0.006, -0.14288546200691907));
#801 = CARTESIAN_POINT('NONE', (-0.013912874980158804, 0.006, -0.14253455530208026));
#802 = CARTESIAN_POINT('NONE', (-0.01390525421174133, 0.006, -0.14251993418937864));
#803 = CARTESIAN_POINT('NONE', (-0.013712501191155364, 0.006, -0.14217259842097543));
#804 = CARTESIAN_POINT('NONE', (-0.013704469815297618, 0.006, -0.14215812609729195));
#805 = CARTESIAN_POINT('NONE', (-0.013501956490785234, 0.006, -0.1418147676249629));
#806 = CARTESIAN_POINT('NONE', (-0.01349351843559722, 0.006, -0.14180046102194915));
#807 = CARTESIAN_POINT('NONE', (-0.013281361087625825, 0.006, -0.1414614835189313));
#808 = CARTESIAN_POINT('NONE', (-0.013272521198127019, 0.006, -0.14144735945630557));
#809 = CARTESIAN_POINT('NONE', (-0.013050858071389362, 0.006, -0.1411131624353642));
#810 = CARTESIAN_POINT('NONE', (-0.013041622107775293, 0.006, -0.14109923755949166));
#811 = CARTESIAN_POINT('NONE', (-0.012810613251899786, 0.006, -0.14077021489275007));
#812 = CARTESIAN_POINT('NONE', (-0.012800987882904975, 0.006, -0.14075650561496916));
#813 = CARTESIAN_POINT('NONE', (-0.012560814874178162, 0.006, -0.14043304405855883));
#814 = CARTESIAN_POINT('NONE', (-0.01255080766548121, 0.006, -0.1404195664937084));
#815 = CARTESIAN_POINT('NONE', (-0.012301673209438856, 0.006, -0.14010204422836245));
#816 = CARTESIAN_POINT('NONE', (-0.012291292607103758, 0.006, -0.140088814133973));
#817 = CARTESIAN_POINT('NONE', (-0.01203342002303334, 0.006, -0.13977759933274567));
#818 = CARTESIAN_POINT('NONE', (-0.012022675332030407, 0.006, -0.13976463204936118));
#819 = CARTESIAN_POINT('NONE', (-0.011756307921625535, 0.006, -0.13946008148357952));
#820 = CARTESIAN_POINT('NONE', (-0.011745209279525331, 0.006, -0.13944739187667196));
#821 = CARTESIAN_POINT('NONE', (-0.011494535385629253, 0.006, -0.13917577435728462));
#822 = CARTESIAN_POINT('NONE', (-0.011470609583122508, 0.006, -0.1391498495710006));
#823 = CARTESIAN_POINT('NONE', (-0.011459167929105722, 0.006, -0.13913745197493096));
#824 = CARTESIAN_POINT('NONE', (-0.011176616874097163, 0.006, -0.13884724792206432));
#825 = CARTESIAN_POINT('NONE', (-0.011164843913471808, 0.006, -0.13883515608652822));
#826 = CARTESIAN_POINT('NONE', (-0.01087463986060517, 0.006, -0.13855260503151967));
#827 = CARTESIAN_POINT('NONE', (-0.01086254802506906, 0.006, -0.13854083207089432));
#828 = CARTESIAN_POINT('NONE', (-0.010565005719397677, 0.006, -0.13826623237449145));
#829 = CARTESIAN_POINT('NONE', (-0.010552608123328035, 0.006, -0.1382547907204747));
#830 = CARTESIAN_POINT('NONE', (-0.01024805755754639, 0.006, -0.13798842331006977));
#831 = CARTESIAN_POINT('NONE', (-0.010235367950638822, 0.006, -0.13797732466796958));
#832 = CARTESIAN_POINT('NONE', (-0.00992415314941147, 0.006, -0.13771945208389919));
#833 = CARTESIAN_POINT('NONE', (-0.009911185866026998, 0.006, -0.13770870739289626));
#834 = CARTESIAN_POINT('NONE', (-0.009593663600681023, 0.006, -0.13745957293685387));
#835 = CARTESIAN_POINT('NONE', (-0.009580433506291605, 0.006, -0.13744919233451877));
#836 = CARTESIAN_POINT('NONE', (-0.009256971949881279, 0.006, -0.137209019325792));
#837 = CARTESIAN_POINT('NONE', (-0.00924349438503085, 0.006, -0.13719901211709504));
#838 = CARTESIAN_POINT('NONE', (-0.008914471718289215, 0.006, -0.1369680032612195));
#839 = CARTESIAN_POINT('NONE', (-0.008900762440508315, 0.006, -0.1369583778922247));
#840 = CARTESIAN_POINT('NONE', (-0.008566565419566989, 0.006, -0.13673671476548704));
#841 = CARTESIAN_POINT('NONE', (-0.008552640543694432, 0.006, -0.136727478801873));
#842 = CARTESIAN_POINT('NONE', (-0.008213663040676578, 0.006, -0.1365153214539016));
#843 = CARTESIAN_POINT('NONE', (-0.008199538978050832, 0.006, -0.13650648156440282));
#844 = CARTESIAN_POINT('NONE', (-0.007856180505721747, 0.006000000000000001, -0.13630396823989038));
#845 = CARTESIAN_POINT('NONE', (-0.007841873902708034, 0.006000000000000001, -0.1362955301847024));
#846 = CARTESIAN_POINT('NONE', (-0.007494538134304833, 0.006000000000000001, -0.1361027771641164));
#847 = CARTESIAN_POINT('NONE', (-0.007480065810621366, 0.006000000000000001, -0.13609474578825864));
#848 = CARTESIAN_POINT('NONE', (-0.007129159105782524, 0.006000000000000001, -0.13591184734623926));
#849 = CARTESIAN_POINT('NONE', (-0.007114537993080905, 0.006000000000000001, -0.13590422657782178));
#850 = CARTESIAN_POINT('NONE', (-0.006760467940464529, 0.006, -0.13573125505685793));
#851 = CARTESIAN_POINT('NONE', (-0.006745715021605514, 0.006000000000000001, -0.13572404791015108));
#852 = CARTESIAN_POINT('NONE', (-0.00638888900833203, 0.006000000000000001, -0.13556105390607712));
#853 = CARTESIAN_POINT('NONE', (-0.006374021257778969, 0.006000000000000001, -0.1355542624892407));
#854 = CARTESIAN_POINT('NONE', (-0.006014845075269604, 0.006000000000000001, -0.13540127514412742));
#855 = CARTESIAN_POINT('NONE', (-0.00599987940099838, 0.006000000000000001, -0.13539490067141438));
#856 = CARTESIAN_POINT('NONE', (-0.0056387558961191984, 0.006000000000000001, -0.13525192806854397));
#857 = CARTESIAN_POINT('NONE', (-0.005623709083415898, 0.006000000000000001, -0.1352459708767577));
#858 = CARTESIAN_POINT('NONE', (-0.00526103686309185, 0.006000000000000001, -0.1351130005315915));
#859 = CARTESIAN_POINT('NONE', (-0.005245925520578346, 0.006000000000000001, -0.13510746010054292));
#860 = CARTESIAN_POINT('NONE', (-0.005, 0.006000000000000001, -0.13502431918503335));
#861 = CARTESIAN_POINT('NONE', (-0.004882097717227626, 0.006000000000000001, -0.13498445954091304));
#862 = CARTESIAN_POINT('NONE', (-0.004866938225421346, 0.006000000000000001, -0.13497933451759514));
#863 = CARTESIAN_POINT('NONE', (-0.004502341329693328, 0.006000000000000001, -0.13486625194578483));
#864 = CARTESIAN_POINT('NONE', (-0.004487149792371328, 0.006000000000000001, -0.1348615401719594));
#865 = CARTESIAN_POINT('NONE', (-0.004141701054867872, 0.006000000000000001, -0.13476383157522023));
#866 = CARTESIAN_POINT('NONE', (-0.004122162558766659, 0.006000000000000001, -0.13475830520088683));
#867 = CARTESIAN_POINT('NONE', (-0.004106954757366464, 0.006000000000000001, -0.1347540037437588));
#868 = CARTESIAN_POINT('NONE', (-0.0037419471873913162, 0.006000000000000001, -0.13466052819914145));
#869 = CARTESIAN_POINT('NONE', (-0.0037267385386423497, 0.006000000000000001, -0.1346566333847824));
#870 = CARTESIAN_POINT('NONE', (-0.0033620709452150863, 0.006000000000000001, -0.13457281216493827));
#871 = CARTESIAN_POINT('NONE', (-0.0033468764621556162, 0.006000000000000001, -0.13456931961411145));
#872 = CARTESIAN_POINT('NONE', (-0.0029828986180575456, 0.006000000000000001, -0.13449503159893816));
#873 = CARTESIAN_POINT('NONE', (-0.0029677328745534594, 0.006000000000000001, -0.13449193626497263));
#874 = CARTESIAN_POINT('NONE', (-0.0026047832468087035, 0.006000000000000001, -0.1344270452656397));
#875 = CARTESIAN_POINT('NONE', (-0.002589660345652671, 0.006000000000000001, -0.1344243414740008));
#876 = CARTESIAN_POINT('NONE', (-0.0022280654168476887, 0.006000000000000001, -0.13436869721498068));
#877 = CARTESIAN_POINT('NONE', (-0.002212998961480813, 0.006000000000000001, -0.13436637870418816));
#878 = CARTESIAN_POINT('NONE', (-0.001853072638201733, 0.006000000000000001, -0.13431981782943178));
#879 = CARTESIAN_POINT('NONE', (-0.0018380757080651033, 0.006000000000000001, -0.13431787779298357));
#880 = CARTESIAN_POINT('NONE', (-0.0014801188158500552, 0.006000000000000001, -0.13428022488831032));
#881 = CARTESIAN_POINT('NONE', (-0.0014652039453410934, 0.006000000000000001, -0.13427865601728228));
#882 = CARTESIAN_POINT('NONE', (-0.0011095038088221266, 0.006, -0.13424972464138799));
#883 = CARTESIAN_POINT('NONE', (-0.0010946829698005043, 0.006000000000000001, -0.13424851916739236));
#884 = CARTESIAN_POINT('NONE', (-0.0007415130760515281, 0.006, -0.13422811288427536));
#885 = CARTESIAN_POINT('NONE', (-0.0007267976638119877, 0.006000000000000001, -0.1342272626224788));
#886 = CARTESIAN_POINT('NONE', (-0.000376417406329276, 0.006, -0.13421517602853464));
#887 = CARTESIAN_POINT('NONE', (-0.0003618182289341637, 0.006000000000000001, -0.13421467242045365));
#888 = CARTESIAN_POINT('NONE', (-0.000014472729157368913, 0.006, -0.13421069215997605));
#889 = CARTESIAN_POINT('NONE', (-0.000000000000000002900479261138468, 0.006, -0.13421052631578947));
#890 = CARTESIAN_POINT('NONE', (0.0003473454997767925, 0.006, -0.13421450657626707));
#891 = CARTESIAN_POINT('NONE', (0.00036181822893415784, 0.006, -0.13421467242045365));
#892 = CARTESIAN_POINT('NONE', (0.0007121984864168691, 0.006, -0.1342267590143978));
#893 = CARTESIAN_POINT('NONE', (0.000726797663811982, 0.006, -0.1342272626224788));
#894 = CARTESIAN_POINT('NONE', (0.0010799675575609584, 0.006, -0.13424766890559583));
#895 = CARTESIAN_POINT('NONE', (0.0010946829698004986, 0.006, -0.13424851916739236));
#896 = CARTESIAN_POINT('NONE', (0.0014503831063194627, 0.006, -0.13427745054328674));
#897 = CARTESIAN_POINT('NONE', (0.0014652039453410875, 0.006, -0.1342786560172823));
#898 = CARTESIAN_POINT('NONE', (0.001823160837556136, 0.006, -0.1343163089219555));
#899 = CARTESIAN_POINT('NONE', (0.0018380757080650977, 0.006, -0.13431787779298354));
#900 = CARTESIAN_POINT('NONE', (0.0021980020313441782, 0.006, -0.13436443866773998));
#901 = CARTESIAN_POINT('NONE', (0.0022129989614808067, 0.006, -0.1343663787041882));
#902 = CARTESIAN_POINT('NONE', (0.0025745938902857904, 0.006, -0.13442202296320832));
#903 = CARTESIAN_POINT('NONE', (0.0025896603456526655, 0.006, -0.13442434147400084));
#904 = CARTESIAN_POINT('NONE', (0.0029526099733974214, 0.006, -0.13448923247333375));
#905 = CARTESIAN_POINT('NONE', (0.002967732874553453, 0.006, -0.13449193626497263));
#906 = CARTESIAN_POINT('NONE', (0.0033317107186515245, 0.006, -0.1345662242801459));
#907 = CARTESIAN_POINT('NONE', (0.003346876462155611, 0.006, -0.13456931961411145));
#908 = CARTESIAN_POINT('NONE', (0.0037115440555828714, 0.006, -0.13465314083395552));
#909 = CARTESIAN_POINT('NONE', (0.0037267385386423432, 0.006, -0.13465663338478237));
#910 = CARTESIAN_POINT('NONE', (0.004091746108617492, 0.006, -0.13475010892939973));
#911 = CARTESIAN_POINT('NONE', (0.004106954757366458, 0.006, -0.1347540037437588));
#912 = CARTESIAN_POINT('NONE', (0.0044719419909711264, 0.006, -0.13485723871483138));
#913 = CARTESIAN_POINT('NONE', (0.004487149792371321, 0.006, -0.1348615401719594));
#914 = CARTESIAN_POINT('NONE', (0.0048517466880993385, 0.006, -0.1349746227437697));
#915 = CARTESIAN_POINT('NONE', (0.00486693822542134, 0.006, -0.13497933451759514));
#916 = CARTESIAN_POINT('NONE', (0.005, 0.006, -0.13502431918503338));
#917 = CARTESIAN_POINT('NONE', (0.00523076602877206, 0.006, -0.13510233507722502));
#918 = CARTESIAN_POINT('NONE', (0.00524592552057834, 0.006, -0.13510746010054295));
#919 = CARTESIAN_POINT('NONE', (0.005608597740902389, 0.006, -0.1352404304457091));
#920 = CARTESIAN_POINT('NONE', (0.0056237090834158916, 0.006, -0.1352459708767577));
#921 = CARTESIAN_POINT('NONE', (0.005984832588295074, 0.006, -0.1353889434796281));
#922 = CARTESIAN_POINT('NONE', (0.005999879400998373, 0.006, -0.13539490067141438));
#923 = CARTESIAN_POINT('NONE', (0.006318323051986005, 0.006, -0.1355305384199767));
#924 = CARTESIAN_POINT('NONE', (0.006359055583507741, 0.006, -0.13554788801652765));
#925 = CARTESIAN_POINT('NONE', (0.0063740212577789645, 0.006, -0.1355542624892407));
#926 = CARTESIAN_POINT('NONE', (0.006730847271052447, 0.006, -0.13571725649331465));
#927 = CARTESIAN_POINT('NONE', (0.006745715021605508, 0.006, -0.13572404791015105));
#928 = CARTESIAN_POINT('NONE', (0.007099785074221883, 0.006, -0.13589701943111498));
#929 = CARTESIAN_POINT('NONE', (0.0071145379930808985, 0.006, -0.1359042265778218));
#930 = CARTESIAN_POINT('NONE', (0.0074654446979197445, 0.006, -0.13608712501984124));
#931 = CARTESIAN_POINT('NONE', (0.007480065810621364, 0.006, -0.1360947457882587));
#932 = CARTESIAN_POINT('NONE', (0.007827401579024555, 0.006, -0.13628749880884464));
#933 = CARTESIAN_POINT('NONE', (0.00784187390270802, 0.006, -0.1362955301847024));
#934 = CARTESIAN_POINT('NONE', (0.008185232375037103, 0.006, -0.13649804350921474));
#935 = CARTESIAN_POINT('NONE', (0.008199538978050815, 0.006, -0.13650648156440276));
#936 = CARTESIAN_POINT('NONE', (0.008538516481068672, 0.006, -0.13671863891237415));
#937 = CARTESIAN_POINT('NONE', (0.008552640543694416, 0.006, -0.13672747880187297));
#938 = CARTESIAN_POINT('NONE', (0.00888683756463574, 0.006, -0.1369491419286106));
#939 = CARTESIAN_POINT('NONE', (0.008900762440508296, 0.006, -0.13695837789222465));
#940 = CARTESIAN_POINT('NONE', (0.009229785107249946, 0.006, -0.13718938674810022));
#941 = CARTESIAN_POINT('NONE', (0.009243494385030847, 0.006, -0.13719901211709504));
#942 = CARTESIAN_POINT('NONE', (0.00956695594144117, 0.006, -0.13743918512582184));
#943 = CARTESIAN_POINT('NONE', (0.009580433506291602, 0.006, -0.13744919233451877));
#944 = CARTESIAN_POINT('NONE', (0.009897955771637578, 0.006, -0.13769832679056118));
#945 = CARTESIAN_POINT('NONE', (0.009911185866026996, 0.006, -0.13770870739289626));
#946 = CARTESIAN_POINT('NONE', (0.010222400667254343, 0.006, -0.13796657997696668));
#947 = CARTESIAN_POINT('NONE', (0.010235367950638816, 0.006, -0.1379773246679696));
#948 = CARTESIAN_POINT('NONE', (0.01053991851642046, 0.006, -0.1382436920783745));
#949 = CARTESIAN_POINT('NONE', (0.01055260812332803, 0.006, -0.1382547907204747));
#950 = CARTESIAN_POINT('NONE', (0.010850150428999417, 0.006, -0.13852939041687753));
#951 = CARTESIAN_POINT('NONE', (0.010862548025069058, 0.006, -0.13854083207089432));
#952 = CARTESIAN_POINT('NONE', (0.011152752077935693, 0.006, -0.13882338312590287));
#953 = CARTESIAN_POINT('NONE', (0.011164843913471802, 0.006, -0.13883515608652822));
#954 = CARTESIAN_POINT('NONE', (0.01144739496848036, 0.006, -0.13912536013939486));
#955 = CARTESIAN_POINT('NONE', (0.011459167929105717, 0.006, -0.13913745197493096));
#956 = CARTESIAN_POINT('NONE', (0.011733767625508543, 0.006, -0.13943499428060233));
#957 = CARTESIAN_POINT('NONE', (0.011745209279525328, 0.006, -0.13944739187667196));
#958 = CARTESIAN_POINT('NONE', (0.0120115766899302, 0.006, -0.13975194244245362));
#959 = CARTESIAN_POINT('NONE', (0.012022675332030403, 0.006, -0.13976463204936118));
#960 = CARTESIAN_POINT('NONE', (0.01228054791610082, 0.006, -0.14007584685058852));
#961 = CARTESIAN_POINT('NONE', (0.012291292607103753, 0.006, -0.140088814133973));
#962 = CARTESIAN_POINT('NONE', (0.01254042706314611, 0.006, -0.140406336399319));
#963 = CARTESIAN_POINT('NONE', (0.012550807665481209, 0.006, -0.1404195664937084));
#964 = CARTESIAN_POINT('NONE', (0.012790980674208018, 0.006, -0.14074302805011868));
#965 = CARTESIAN_POINT('NONE', (0.01280098788290497, 0.006, -0.1407565056149691));
#966 = CARTESIAN_POINT('NONE', (0.013031996738780477, 0.006, -0.14108552828171075));
#967 = CARTESIAN_POINT('NONE', (0.01304162210777529, 0.006, -0.14109923755949166));
#968 = CARTESIAN_POINT('NONE', (0.013263285234512943, 0.006, -0.141433434580433));
#969 = CARTESIAN_POINT('NONE', (0.013272521198127012, 0.006, -0.14144735945630557));
#970 = CARTESIAN_POINT('NONE', (0.013484678546098408, 0.006, -0.1417863369593234));
#971 = CARTESIAN_POINT('NONE', (0.013493518435597218, 0.006, -0.14180046102194915));
#972 = CARTESIAN_POINT('NONE', (0.013696031760109603, 0.006, -0.14214381949427823));
#973 = CARTESIAN_POINT('NONE', (0.01370446981529762, 0.006, -0.14215812609729195));
#974 = CARTESIAN_POINT('NONE', (0.013897222835883584, 0.006, -0.14250546186569515));
#975 = CARTESIAN_POINT('NONE', (0.013905254211741333, 0.006, -0.14251993418937864));
#976 = CARTESIAN_POINT('NONE', (0.014088152653760715, 0.006, -0.14287084089421748));
#977 = CARTESIAN_POINT('NONE', (0.01409577342217819, 0.006, -0.1428854620069191));
#978 = CARTESIAN_POINT('NONE', (0.014268744943142115, 0.006, -0.1432395320595355));
#979 = CARTESIAN_POINT('NONE', (0.014275952089848946, 0.006, -0.1432542849783945));
#980 = CARTESIAN_POINT('NONE', (0.014438946093922893, 0.006, -0.14361111099166798));
#981 = CARTESIAN_POINT('NONE', (0.014445737510759308, 0.006, -0.14362597874222105));
#982 = CARTESIAN_POINT('NONE', (0.014598724855872568, 0.006, -0.1439851549247304));
#983 = CARTESIAN_POINT('NONE', (0.01460509932858562, 0.006, -0.14400012059900164));
#984 = CARTESIAN_POINT('NONE', (0.014748071931456042, 0.006, -0.14436124410388082));
#985 = CARTESIAN_POINT('NONE', (0.01475402912324231, 0.006, -0.1443762909165841));
#986 = CARTESIAN_POINT('NONE', (0.014886999468408504, 0.006, -0.14473896313690818));
#987 = CARTESIAN_POINT('NONE', (0.014892539899457097, 0.006, -0.14475407447942168));
#988 = CARTESIAN_POINT('NONE', (0.015, 0.006, -0.14507193459685547));
#989 = B_SPLINE_CURVE_WITH_KNOTS('NONE', 2, (#788, #789, #790, #791, #792, #793, #794, #795, #796, #797, #798, #799, #800, #801, #802, #803, #804, #805, #806, #807, #808, #809, #810, #811, #812, #813, #814, #815, #816, #817, #818, #819, #820, #821, #822, #823, #824, #825, #826, #827, #828, #829, #830, #831, #832, #833, #834, #835, #836, #837, #838, #839, #840, #841, #842, #843, #844, #845, #846, #847, #848, #849, #850, #851, #852, #853, #854, #855, #856, #857, #858, #859, #860, #861, #862, #863, #864, #865, #866, #867, #868, #869, #870, #871, #872, #873, #874, #875, #876, #877, #878, #879, #880, #881, #882, #883, #884, #885, #886, #887, #888, #889, #890, #891, #892, #893, #894, #895, #896, #897, #898, #899, #900, #901, #902, #903, #904, #905, #906, #907, #908, #909, #910, #911, #912, #913, #914, #915, #916, #917, #918, #919, #920, #921, #922, #923, #924, #925, #926, #927, #928, #929, #930, #931, #932, #933, #934, #935, #936, #937, #938, #939, #940, #941, #942, #943, #944, #945, #946, #947, #948, #949, #950, #951, #952, #953, #954, #955, #956, #957, #958, #959, #960, #961, #962, #963, #964, #965, #966, #967, #968, #969, #970, #971, #972, #973, #974, #975, #976, #977, #978, #979, #980, #981, #982, #983, #984, #985, #986, #987, #988), .UNSPECIFIED., .F., .F., (3, 1, 1, 1, 1, 1, 1, 1, 1, 1, 1, 1, 1, 1, 1, 1, 1, 1, 1, 1, 1, 1, 1, 1, 1, 1, 1, 1, 1, 1, 1, 1, 1, 1, 1, 1, 1, 1, 1, 1, 1, 1, 1, 1, 1, 1, 1, 1, 1, 1, 1, 1, 1, 1, 1, 1, 1, 1, 1, 1, 1, 1, 1, 1, 1, 1, 1, 1, 1, 1, 1, 1, 1, 1, 1, 1, 1, 1, 1, 1, 1, 1, 1, 1, 1, 1, 1, 1, 1, 1, 1, 1, 1, 1, 1, 1, 1, 1, 1, 1, 1, 1, 1, 1, 1, 1, 1, 1, 1, 1, 1, 1, 1, 1, 1, 1, 1, 1, 1, 1, 1, 1, 1, 1, 1, 1, 1, 1, 1, 1, 1, 1, 1, 1, 1, 1, 1, 1, 1, 1, 1, 1, 1, 1, 1, 1, 1, 1, 1, 1, 1, 1, 1, 1, 1, 1, 1, 1, 1, 1, 1, 1, 1, 1, 1, 1, 1, 1, 1, 1, 1, 1, 1, 1, 1, 1, 1, 1, 1, 1, 1, 1, 1, 1, 1, 1, 1, 1, 1, 1, 1, 1, 1, 1, 1, 1, 1, 1, 1, 3), (0, 0.005025125628140704, 0.010050251256281407, 0.01507537688442211, 0.020100502512562814, 0.02512562814070352, 0.03015075376884422, 0.035175879396984924, 0.04020100502512563, 0.04522613065326633, 0.05025125628140704, 0.05527638190954774, 0.06030150753768844, 0.06532663316582915, 0.07035175879396985, 0.07537688442211056, 0.08040201005025126, 0.08542713567839195, 0.09045226130653267, 0.09547738693467336, 0.10050251256281408, 0.10552763819095477, 0.11055276381909548, 0.11557788944723618, 0.12060301507537688, 0.12562814070351758, 0.1306532663316583, 0.135678391959799, 0.1407035175879397, 0.1457286432160804, 0.15075376884422112, 0.15577889447236182, 0.16080402010050251, 0.1658291457286432, 0.1708542713567839, 0.17587939698492464, 0.18090452261306533, 0.18592964824120603, 0.19095477386934673, 0.19597989949748745, 0.20100502512562815, 0.20603015075376885, 0.21105527638190955, 0.21608040201005024, 0.22110552763819097, 0.22613065326633167, 0.23115577889447236, 0.23618090452261306, 0.24120603015075376, 0.24623115577889448, 0.25125628140703515, 0.2562814070351759, 0.2613065326633166, 0.2663316582914573, 0.271356783919598, 0.2763819095477387, 0.2814070351758794, 0.2864321608040201, 0.2914572864321608, 0.2964824120603015, 0.30150753768844224, 0.3065326633165829, 0.31155778894472363, 0.3165829145728643, 0.32160804020100503, 0.32663316582914576, 0.3316582914572864, 0.33668341708542715, 0.3417085427135678, 0.34673366834170855, 0.35175879396984927, 0.35678391959798994, 0.36180904522613067, 0.36683417085427134, 0.37185929648241206, 0.3768844221105528, 0.38190954773869346, 0.3869346733668342, 0.3919597989949749, 0.3969849246231156, 0.4020100502512563, 0.40703517587939697, 0.4120603015075377, 0.4170854271356784, 0.4221105527638191, 0.4271356783919598, 0.4321608040201005, 0.4371859296482412, 0.44221105527638194, 0.4472361809045226, 0.45226130653266333, 0.457286432160804, 0.4623115577889447, 0.46733668341708545, 0.4723618090452261, 0.47738693467336685, 0.4824120603015075, 0.48743718592964824, 0.49246231155778897, 0.49748743718592964, 0.5025125628140703, 0.507537688442211, 0.5125628140703518, 0.5175879396984925, 0.5226130653266332, 0.5276381909547738, 0.5326633165829145, 0.5376884422110553, 0.542713567839196, 0.5477386934673367, 0.5527638190954773, 0.5577889447236181, 0.5628140703517588, 0.5678391959798995, 0.5728643216080402, 0.5778894472361809, 0.5829145728643216, 0.5879396984924623, 0.592964824120603, 0.5979899497487438, 0.6030150753768844, 0.6080402010050251, 0.6130653266331658, 0.6180904522613065, 0.6231155778894473, 0.6281407035175879, 0.6331658291457287, 0.6381909547738693, 0.6432160804020101, 0.6482412060301508, 0.6532663316582914, 0.6582914572864322, 0.6633165829145728, 0.6683417085427136, 0.6733668341708543, 0.6783919597989949, 0.6834170854271358, 0.6884422110552764, 0.6934673366834171, 0.6984924623115578, 0.7035175879396984, 0.7085427135678393, 0.7135678391959799, 0.7185929648241206, 0.7236180904522613, 0.728643216080402, 0.7336683417085428, 0.7386934673366834, 0.7437185929648241, 0.7487437185929648, 0.7537688442211055, 0.7587939698492463, 0.7638190954773869, 0.7688442211055276, 0.7738693467336684, 0.778894472361809, 0.7839195979899498, 0.7889447236180904, 0.7939698492462312, 0.7989949748743719, 0.8040201005025125, 0.8090452261306533, 0.8140703517587939, 0.8190954773869347, 0.8241206030150754, 0.8291457286432161, 0.8341708542713568, 0.8391959798994975, 0.8442211055276382, 0.8492462311557789, 0.8542713567839196, 0.8592964824120604, 0.864321608040201, 0.8693467336683417, 0.8743718592964824, 0.8793969849246231, 0.8844221105527639, 0.8894472361809045, 0.8944723618090452, 0.8994974874371859, 0.9045226130653267, 0.9095477386934674, 0.914572864321608, 0.9195979899497487, 0.9246231155778895, 0.9296482412060302, 0.9346733668341709, 0.9396984924623115, 0.9447236180904522, 0.949748743718593, 0.9547738693467337, 0.9597989949748744, 0.964824120603015, 0.9698492462311558, 0.9748743718592965, 0.9798994974874372, 0.9849246231155779, 0.9899497487437185, 0.9949748743718593, 1), .UNSPECIFIED.);
#990 = CARTESIAN_POINT('NONE', (-0.015, 0.04822320478607738, 0.028707705668212676));
#991 = CARTESIAN_POINT('NONE', (-0.014957597137982368, 0.04809777982711718, 0.028635291534393904));
#992 = CARTESIAN_POINT('NONE', (-0.0148925398994571, 0.0479053446686436, 0.028524189043847636));
#993 = CARTESIAN_POINT('NONE', (-0.014772926660221715, 0.04757910351314814, 0.028335833624901597));
#994 = CARTESIAN_POINT('NONE', (-0.014754029123242314, 0.04752756110580604, 0.028306075602147953));
#995 = CARTESIAN_POINT('NONE', (-0.014698985582670304, 0.04738853085879894, 0.0282258064516129));
#996 = CARTESIAN_POINT('NONE', (-0.014605099328585617, 0.04715139078822354, 0.028088893568030553));
#997 = CARTESIAN_POINT('NONE', (-0.014568146107714258, 0.047064633829377214, 0.02803880441448655));
#998 = CARTESIAN_POINT('NONE', (-0.01444573751075931, 0.046777248931442965, 0.027872882666303177));
#999 = CARTESIAN_POINT('NONE', (-0.014344494127322163, 0.046555607202426935, 0.02774491775439212));
#1000 = CARTESIAN_POINT('NONE', (-0.014275952089848947, 0.04640555516761643, 0.02765828517170182));
#1001 = CARTESIAN_POINT('NONE', (-0.014103663573366874, 0.04605288321470731, 0.027454669924754108));
#1002 = CARTESIAN_POINT('NONE', (-0.014095773422178189, 0.04603673219614101, 0.02744534512983717));
#1003 = CARTESIAN_POINT('NONE', (-0.014072310067195514, 0.04599171569140468, 0.02741935483870967));
#1004 = CARTESIAN_POINT('NONE', (-0.01390525421174133, 0.04567120437860057, 0.0272343075459839));
#1005 = CARTESIAN_POINT('NONE', (-0.01384307717737117, 0.045559163031884765, 0.027169620444297164));
#1006 = CARTESIAN_POINT('NONE', (-0.013704469815297618, 0.045309396286513905, 0.027025417546622677));
#1007 = CARTESIAN_POINT('NONE', (-0.01356595640808239, 0.04507454876715668, 0.02688982826810327));
#1008 = CARTESIAN_POINT('NONE', (-0.013493518435597218, 0.04495173121117111, 0.02681891951909379));
#1009 = CARTESIAN_POINT('NONE', (-0.013273310807031303, 0.04459989125469304, 0.02661578462550951));
#1010 = CARTESIAN_POINT('NONE', (-0.013272521198127019, 0.04459862964552751, 0.02661505623511818));
#1011 = CARTESIAN_POINT('NONE', (-0.013270047780700579, 0.04459490052401043, 0.026612903225806454));
#1012 = CARTESIAN_POINT('NONE', (-0.013041622107775293, 0.04425050774871362, 0.026414067964281876));
#1013 = CARTESIAN_POINT('NONE', (-0.01296300147637134, 0.04413852948836771, 0.02634941728552778));
#1014 = CARTESIAN_POINT('NONE', (-0.012800987882904973, 0.04390777580419109, 0.026216191583851904));
#1015 = CARTESIAN_POINT('NONE', (-0.012638794376948531, 0.04368933592139812, 0.026090075258719637));
#1016 = CARTESIAN_POINT('NONE', (-0.012550807665481212, 0.043570836682930325, 0.02602165969149149));
#1017 = CARTESIAN_POINT('NONE', (-0.012301516549056502, 0.04325311475367481, 0.025838222850108374));
#1018 = CARTESIAN_POINT('NONE', (-0.012291292607103758, 0.04324008432319494, 0.025830699727563165));
#1019 = CARTESIAN_POINT('NONE', (-0.012256492263427161, 0.04319808535661617, 0.025806451612903222));
#1020 = CARTESIAN_POINT('NONE', (-0.012022675332030407, 0.04291590223858312, 0.02564353311374607));
#1021 = CARTESIAN_POINT('NONE', (-0.011950150277052084, 0.042832980883852, 0.02559565844727049));
#1022 = CARTESIAN_POINT('NONE', (-0.011745209279525331, 0.04259866206589391, 0.025460374414646193));
#1023 = CARTESIAN_POINT('NONE', (-0.011587454426719735, 0.04242772690737221, 0.025361684954859718));
#1024 = CARTESIAN_POINT('NONE', (-0.011459167929105719, 0.04228872216415287, 0.0252814305289434));
#1025 = CARTESIAN_POINT('NONE', (-0.01121463370151122, 0.042037564638266495, 0.0251364246637639));
#1026 = CARTESIAN_POINT('NONE', (-0.011164843913471802, 0.041986426275750124, 0.025106899916399156));
#1027 = CARTESIAN_POINT('NONE', (-0.010974672807149848, 0.04180127018922192, 0.025));
#1028 = CARTESIAN_POINT('NONE', (-0.010862548025069058, 0.04169210226011622, 0.02493697186674395));
#1029 = CARTESIAN_POINT('NONE', (-0.010832086830626747, 0.04166398983849923, 0.024920741152555805));
#1030 = CARTESIAN_POINT('NONE', (-0.010552608123328033, 0.041406060909696604, 0.024771825816079823));
#1031 = CARTESIAN_POINT('NONE', (-0.01044059994070004, 0.041308095800112264, 0.024715265633690107));
#1032 = CARTESIAN_POINT('NONE', (-0.010235367950638822, 0.04112859485719153, 0.02461163071597503));
#1033 = CARTESIAN_POINT('NONE', (-0.010042078020841172, 0.04096843482150191, 0.02451916227625621));
#1034 = CARTESIAN_POINT('NONE', (-0.009911185866026998, 0.040859977582118186, 0.024456544459902453));
#1035 = CARTESIAN_POINT('NONE', (-0.009637436880572144, 0.040645188535721286, 0.024332535946146223));
#1036 = CARTESIAN_POINT('NONE', (-0.009580433506291605, 0.04060046252374072, 0.024306713371089462));
#1037 = CARTESIAN_POINT('NONE', (-0.009316453419715714, 0.040404455021827664, 0.024193548387096774));
#1038 = CARTESIAN_POINT('NONE', (-0.00924349438503085, 0.04035028230631696, 0.024162271755213932));
#1039 = CARTESIAN_POINT('NONE', (-0.009227435722027359, 0.04033900741937964, 0.02415576219620559));
#1040 = CARTESIAN_POINT('NONE', (-0.008900762440508315, 0.040109648081446646, 0.02402334152070882));
#1041 = CARTESIAN_POINT('NONE', (-0.008812738307982697, 0.040051264244304594, 0.023989633596618532));
#1042 = CARTESIAN_POINT('NONE', (-0.008552640543694432, 0.03987874899109491, 0.02389003186873861));
#1043 = CARTESIAN_POINT('NONE', (-0.008394769484072126, 0.03977994153327628, 0.02383298535636908));
#1044 = CARTESIAN_POINT('NONE', (-0.00819953897805083, 0.03965775175362472, 0.02376243905419503));
#1045 = CARTESIAN_POINT('NONE', (-0.007974327884287785, 0.03952492192418829, 0.023685749716413497));
#1046 = CARTESIAN_POINT('NONE', (-0.007841873902708034, 0.03944680037392432, 0.023640646218339077));
#1047 = CARTESIAN_POINT('NONE', (-0.0075521763385220635, 0.03928603351478409, 0.023547827428937698));
#1048 = CARTESIAN_POINT('NONE', (-0.007480065810621367, 0.03924601597748061, 0.023524723293003227));
#1049 = CARTESIAN_POINT('NONE', (-0.007129039436710707, 0.03906305516194002, 0.02341909081689971));
#1050 = CARTESIAN_POINT('NONE', (-0.007114537993080905, 0.03905549676704374, 0.023414726975571707));
#1051 = CARTESIAN_POINT('NONE', (-0.007016575626377032, 0.039007639854433424, 0.023387096774193553));
#1052 = CARTESIAN_POINT('NONE', (-0.006745715021605512, 0.03887531809937299, 0.023310700773289766));
#1053 = CARTESIAN_POINT('NONE', (-0.006705631909264119, 0.03885700859632882, 0.02330012977677849));
#1054 = CARTESIAN_POINT('NONE', (-0.006374021257778969, 0.03870553267846263, 0.023212675114822695));
#1055 = CARTESIAN_POINT('NONE', (-0.006282679681303446, 0.038666626687575874, 0.02319021273051114));
#1056 = CARTESIAN_POINT('NONE', (-0.006167374054131022, 0.03861751345948127, 0.02316185719504995));
#1057 = CARTESIAN_POINT('NONE', (-0.005999879400998377, 0.03854617086063632, 0.023120667526402128));
#1058 = CARTESIAN_POINT('NONE', (-0.005860771321247186, 0.038491096505260336, 0.023088870332500365));
#1059 = CARTESIAN_POINT('NONE', (-0.005623709083415897, 0.03839724106597962, 0.02303468286936673));
#1060 = CARTESIAN_POINT('NONE', (-0.00544044767968063, 0.03833005000268686, 0.022995890090887514));
#1061 = CARTESIAN_POINT('NONE', (-0.005245925520578345, 0.038258730289764835, 0.02295471363543346));
#1062 = CARTESIAN_POINT('NONE', (-0.005022208692040824, 0.03818309754577082, 0.02291104705032896));
#1063 = CARTESIAN_POINT('NONE', (-0.004999999999999999, 0.0381755893742553, 0.022906712205483355));
#1064 = CARTESIAN_POINT('NONE', (-0.004866938225421345, 0.03813060470681706, 0.02288074029562848));
#1065 = CARTESIAN_POINT('NONE', (-0.004606749402249965, 0.038049905113306366, 0.022834148363591593));
#1066 = CARTESIAN_POINT('NONE', (-0.004606514158215746, 0.038049832150533765, 0.02283410623851519));
#1067 = CARTESIAN_POINT('NONE', (-0.004487149792371327, 0.03801281036118134, 0.022812731698466683));
#1068 = CARTESIAN_POINT('NONE', (-0.0041937848104532886, 0.03792983341669228, 0.022764824937229394));
#1069 = CARTESIAN_POINT('NONE', (-0.004106954757366463, 0.03790527393298069, 0.02275064551269735));
#1070 = CARTESIAN_POINT('NONE', (-0.003784403618918812, 0.03782267114385118, 0.022702954770157616));
#1071 = CARTESIAN_POINT('NONE', (-0.0037267385386423493, 0.03780790357400431, 0.022694428709731245));
#1072 = CARTESIAN_POINT('NONE', (-0.003378717287301483, 0.037727908624234044, 0.022648243603947574));
#1073 = CARTESIAN_POINT('NONE', (-0.003346876462155617, 0.03772058980333339, 0.022644018080730424));
#1074 = CARTESIAN_POINT('NONE', (-0.0029770378944888004, 0.03764510561227066, 0.022600437262700796));
#1075 = CARTESIAN_POINT('NONE', (-0.002967732874553459, 0.03764320645419455, 0.022599340783274323));
#1076 = CARTESIAN_POINT('NONE', (-0.0027866145306292374, 0.03761082468703916, 0.022580645161290325));
#1077 = CARTESIAN_POINT('NONE', (-0.0025896603456526707, 0.037575611663222756, 0.022560314912510943));
#1078 = CARTESIAN_POINT('NONE', (-0.002579753812030653, 0.03757408719017587, 0.022559434757586948));
#1079 = CARTESIAN_POINT('NONE', (-0.002212998961480813, 0.03751764889341008, 0.022526850091756617));
#1080 = CARTESIAN_POINT('NONE', (-0.0021870897407434103, 0.037514297218626196, 0.022524915001417907));
#1081 = CARTESIAN_POINT('NONE', (-0.0018380757080651035, 0.037469147982205506, 0.022498848077616714));
#1082 = CARTESIAN_POINT('NONE', (-0.0017991632892278445, 0.03746505484800709, 0.022496484905485427));
#1083 = CARTESIAN_POINT('NONE', (-0.0014652039453410938, 0.037429926206504247, 0.0224762033748575));
#1084 = CARTESIAN_POINT('NONE', (-0.0014161604501578215, 0.03742593718415468, 0.022473900311730168));
#1085 = CARTESIAN_POINT('NONE', (-0.0010946829698005045, 0.0373997893566143, 0.022458803856461013));
#1086 = CARTESIAN_POINT('NONE', (-0.001038242774639846, 0.03739652822189695, 0.022456921039454087));
#1087 = CARTESIAN_POINT('NONE', (-0.0007267976638119877, 0.03737853281170073, 0.02244653138453312));
#1088 = CARTESIAN_POINT('NONE', (-0.0006655491243701932, 0.03737642000365834, 0.022445311554241097));
#1089 = CARTESIAN_POINT('NONE', (-0.00036181822893416364, 0.03736594260967555, 0.022439262428004727));
#1090 = CARTESIAN_POINT('NONE', (-0.00029819737176101216, 0.03736521357307217, 0.022438841518525522));
#1091 = CARTESIAN_POINT('NONE', (-0.0000000000000000029004792611384685, 0.03736179650501141, 0.0224368686733608));
#1092 = CARTESIAN_POINT('NONE', (0.00006431507963355962, 0.037362533496766714, 0.022437294175749117));
#1093 = CARTESIAN_POINT('NONE', (0.0003618182289341579, 0.03736594260967555, 0.022439262428004727));
#1094 = CARTESIAN_POINT('NONE', (0.0004252328604852594, 0.03736813013846837, 0.022440525398342123));
#1095 = CARTESIAN_POINT('NONE', (0.000726797663811982, 0.037378532811700727, 0.02244653138453312));
#1096 = CARTESIAN_POINT('NONE', (0.000787060319710001, 0.037382014809570326, 0.022448541716940447));
#1097 = CARTESIAN_POINT('NONE', (0.0010946829698004984, 0.037399789356614296, 0.02245880385646101));
#1098 = CARTESIAN_POINT('NONE', (0.0011494801988281194, 0.03740424636707958, 0.02246137711265292));
#1099 = CARTESIAN_POINT('NONE', (0.0014652039453410882, 0.037429926206504247, 0.0224762033748575));
#1100 = CARTESIAN_POINT('NONE', (0.0015121748367484832, 0.03743486699835668, 0.02247905594236351));
#1101 = CARTESIAN_POINT('NONE', (0.0018380757080650979, 0.0374691479822055, 0.022498848077616714));
#1102 = CARTESIAN_POINT('NONE', (0.0018748274552406678, 0.03747390227047686, 0.022501592967229984));
#1103 = CARTESIAN_POINT('NONE', (0.0022129989614808067, 0.037517648893410076, 0.022526850091756617));
#1104 = CARTESIAN_POINT('NONE', (0.0022371234154624385, 0.03752136129991564, 0.022528993450651943));
#1105 = CARTESIAN_POINT('NONE', (0.002589660345652666, 0.037575611663222756, 0.022560314912510947));
#1106 = CARTESIAN_POINT('NONE', (0.0025987514317166835, 0.03757723703934831, 0.022561253323854568));
#1107 = CARTESIAN_POINT('NONE', (0.0027866145306292326, 0.03761082468703916, 0.022580645161290325));
#1108 = CARTESIAN_POINT('NONE', (0.002959372745254431, 0.037641711764289126, 0.022598477823655077));
#1109 = CARTESIAN_POINT('NONE', (0.002967732874553453, 0.03764320645419455, 0.022599340783274326));
#1110 = CARTESIAN_POINT('NONE', (0.0033186463835612875, 0.03771482803365162, 0.022640691521453652));
#1111 = CARTESIAN_POINT('NONE', (0.00334687646215561, 0.037720589803333385, 0.022644018080730424));
#1112 = CARTESIAN_POINT('NONE', (0.0036762962938250727, 0.03779630909572198, 0.022687734634573832));
#1113 = CARTESIAN_POINT('NONE', (0.003726738538642342, 0.0378079035740043, 0.02269442870973124));
#1114 = CARTESIAN_POINT('NONE', (0.004032028065250788, 0.03788608580120479, 0.022739567239651287));
#1115 = CARTESIAN_POINT('NONE', (0.004106954757366457, 0.037905273932980696, 0.022750645512697357));
#1116 = CARTESIAN_POINT('NONE', (0.004385555884471418, 0.0379840749886051, 0.02279614132337453));
#1117 = CARTESIAN_POINT('NONE', (0.004487149792371322, 0.038012810361181336, 0.022812731698466683));
#1118 = CARTESIAN_POINT('NONE', (0.004736603351948079, 0.03809018032893118, 0.02285740127017425));
#1119 = CARTESIAN_POINT('NONE', (0.004866938225421339, 0.038130604706817055, 0.02288074029562848));
#1120 = CARTESIAN_POINT('NONE', (0.005, 0.038175589374255296, 0.02290671220548336));
#1121 = CARTESIAN_POINT('NONE', (0.005084904187887876, 0.038204293235062387, 0.02292328438724711));
#1122 = CARTESIAN_POINT('NONE', (0.005245925520578339, 0.038258730289764835, 0.022954713635433464));
#1123 = CARTESIAN_POINT('NONE', (0.005248036140298306, 0.03825950412855632, 0.022955160411468032));
#1124 = CARTESIAN_POINT('NONE', (0.005430202823232752, 0.038326293822804, 0.022993721459421027));
#1125 = CARTESIAN_POINT('NONE', (0.0056237090834158916, 0.03839724106597962, 0.023034682869366732));
#1126 = CARTESIAN_POINT('NONE', (0.005772254873143044, 0.038456051910235906, 0.023068637326129366));
#1127 = CARTESIAN_POINT('NONE', (0.005999879400998373, 0.03854617086063631, 0.023120667526402128));
#1128 = CARTESIAN_POINT('NONE', (0.006110827492266698, 0.03859342804180556, 0.023147951472671336));
#1129 = CARTESIAN_POINT('NONE', (0.006167374054131021, 0.03861751345948127, 0.023161857195049953));
#1130 = CARTESIAN_POINT('NONE', (0.006374021257778965, 0.038705532678462634, 0.023212675114822702));
#1131 = CARTESIAN_POINT('NONE', (0.006445699612909108, 0.038738274523713534, 0.023231578627992074));
#1132 = CARTESIAN_POINT('NONE', (0.006745715021605509, 0.03887531809937298, 0.023310700773289766));
#1133 = CARTESIAN_POINT('NONE', (0.006776662068960464, 0.03889043645747973, 0.023319429361412403));
#1134 = CARTESIAN_POINT('NONE', (0.0070165756263770255, 0.03900763985443342, 0.023387096774193553));
#1135 = CARTESIAN_POINT('NONE', (0.00710334535026765, 0.039050028898646776, 0.023411570100280825));
#1136 = CARTESIAN_POINT('NONE', (0.0071145379930808985, 0.03905549676704374, 0.023414726975571707));
#1137 = CARTESIAN_POINT('NONE', (0.007425173089069995, 0.03921740497315522, 0.02350820472195418));
#1138 = CARTESIAN_POINT('NONE', (0.007480065810621362, 0.039246015977480606, 0.023524723293003227));
#1139 = CARTESIAN_POINT('NONE', (0.007742417297139675, 0.03939160720672284, 0.023608780428397882));
#1140 = CARTESIAN_POINT('NONE', (0.007841873902708017, 0.039446800373924305, 0.023640646218339074));
#1141 = CARTESIAN_POINT('NONE', (0.008054914547454417, 0.03957245205489551, 0.023713191250171926));
#1142 = CARTESIAN_POINT('NONE', (0.008199538978050817, 0.03965775175362471, 0.023762439054195023));
#1143 = CARTESIAN_POINT('NONE', (0.008362513431875544, 0.039759753295327965, 0.023821329671755154));
#1144 = CARTESIAN_POINT('NONE', (0.008552640543694416, 0.0398787489910949, 0.023890031868738608));
#1145 = CARTESIAN_POINT('NONE', (0.008665074147881561, 0.03995332291812845, 0.023933087145585952));
#1146 = CARTESIAN_POINT('NONE', (0.008900762440508298, 0.040109648081446625, 0.024023341520708813));
#1147 = CARTESIAN_POINT('NONE', (0.008962468015296049, 0.040152971948382674, 0.024048354566946675));
#1148 = CARTESIAN_POINT('NONE', (0.009243494385030845, 0.040350282306316966, 0.024162271755213936));
#1149 = CARTESIAN_POINT('NONE', (0.00925457693409488, 0.0403585111950375, 0.02416702270633187));
#1150 = CARTESIAN_POINT('NONE', (0.0093164534197157, 0.040404455021827664, 0.024193548387096774));
#1151 = CARTESIAN_POINT('NONE', (0.009540334671732697, 0.04057068879158742, 0.024289523498815975));
#1152 = CARTESIAN_POINT('NONE', (0.009580433506291602, 0.04060046252374072, 0.024306713371089465));
#1153 = CARTESIAN_POINT('NONE', (0.009820222627305322, 0.04078860596673214, 0.024415338038546817));
#1154 = CARTESIAN_POINT('NONE', (0.009911185866026994, 0.040859977582118165, 0.024456544459902443));
#1155 = CARTESIAN_POINT('NONE', (0.01009441167082065, 0.041011798483836806, 0.02454419829837831));
#1156 = CARTESIAN_POINT('NONE', (0.010235367950638816, 0.04112859485719152, 0.024611630715975028));
#1157 = CARTESIAN_POINT('NONE', (0.010362825414749852, 0.04124007228809004, 0.024675992240712853));
#1158 = CARTESIAN_POINT('NONE', (0.01055260812332803, 0.0414060609096966, 0.02477182581607982));
#1159 = CARTESIAN_POINT('NONE', (0.010625395746019917, 0.04147323609356827, 0.024810609426570988));
#1160 = CARTESIAN_POINT('NONE', (0.010862548025069054, 0.041692102260116215, 0.024936971866743946));
#1161 = CARTESIAN_POINT('NONE', (0.010882062099632099, 0.04171110172721821, 0.02494794121418974));
#1162 = CARTESIAN_POINT('NONE', (0.010974672807149852, 0.04180127018922192, 0.025));
#1163 = CARTESIAN_POINT('NONE', (0.01113174674191316, 0.04195420191275685, 0.025088295171750524));
#1164 = CARTESIAN_POINT('NONE', (0.011164843913471799, 0.04198642627575012, 0.025106899916399153));
#1165 = CARTESIAN_POINT('NONE', (0.011374730350878635, 0.04220199756347849, 0.02523136005739868));
#1166 = CARTESIAN_POINT('NONE', (0.011459167929105717, 0.04228872216415287, 0.025281430528943404));
#1167 = CARTESIAN_POINT('NONE', (0.011611571446340254, 0.04245385888682379, 0.025376772260230548));
#1168 = CARTESIAN_POINT('NONE', (0.011745209279525328, 0.04259866206589389, 0.025460374414646183));
#1169 = CARTESIAN_POINT('NONE', (0.01184224209425826, 0.042709604311348695, 0.02552442694992402));
#1170 = CARTESIAN_POINT('NONE', (0.012022292305836084, 0.042915464306465166, 0.025643280273519888));
#1171 = CARTESIAN_POINT('NONE', (0.012022675332030405, 0.04291590223858312, 0.025643533113746068));
#1172 = CARTESIAN_POINT('NONE', (0.012066719132884466, 0.042969056717092356, 0.025674221866222015));
#1173 = CARTESIAN_POINT('NONE', (0.012256492263427161, 0.04319808535661618, 0.025806451612903226));
#1174 = CARTESIAN_POINT('NONE', (0.01228473731019951, 0.04323217303076192, 0.025826132140747318));
#1175 = CARTESIAN_POINT('NONE', (0.012291292607103753, 0.04324008432319494, 0.025830699727563165));
#1176 = CARTESIAN_POINT('NONE', (0.012494812990489015, 0.04349947137949831, 0.025980456914344217));
#1177 = CARTESIAN_POINT('NONE', (0.012550807665481207, 0.04357083668293032, 0.026021659691491485));
#1178 = CARTESIAN_POINT('NONE', (0.012698579766807048, 0.04376985402522981, 0.026136562407641502));
#1179 = CARTESIAN_POINT('NONE', (0.012800987882904973, 0.04390777580419109, 0.026216191583851908));
#1180 = CARTESIAN_POINT('NONE', (0.012896038901190284, 0.04404315563365353, 0.026294353164834895));
#1181 = CARTESIAN_POINT('NONE', (0.013041622107775291, 0.04425050774871363, 0.02641406796428188));
#1182 = CARTESIAN_POINT('NONE', (0.01308719393966014, 0.0443192154795794, 0.026453736391192643));
#1183 = CARTESIAN_POINT('NONE', (0.013270047780700574, 0.04459490052401043, 0.026612903225806454));
#1184 = CARTESIAN_POINT('NONE', (0.013272027741495386, 0.04459788567092659, 0.026614626701182066));
#1185 = CARTESIAN_POINT('NONE', (0.013272521198127012, 0.04459862964552751, 0.02661505623511818));
#1186 = CARTESIAN_POINT('NONE', (0.013448454236473752, 0.04487972922848969, 0.026777349155010486));
#1187 = CARTESIAN_POINT('NONE', (0.013493518435597221, 0.04495173121117112, 0.026818919519093792));
#1188 = CARTESIAN_POINT('NONE', (0.013618561827724578, 0.04516374051080153, 0.026941323145306114));
#1189 = CARTESIAN_POINT('NONE', (0.01370446981529762, 0.04530939628651391, 0.027025417546622684));
#1190 = CARTESIAN_POINT('NONE', (0.013782371144734863, 0.0454497723908025, 0.02710646372822149));
#1191 = CARTESIAN_POINT('NONE', (0.013905254211741332, 0.04567120437860057, 0.027234307545983903));
#1192 = CARTESIAN_POINT('NONE', (0.01393990329127552, 0.04573768167709911, 0.027272688232167035));
#1193 = CARTESIAN_POINT('NONE', (0.014072310067195505, 0.04599171569140468, 0.02741935483870967));
#1194 = CARTESIAN_POINT('NONE', (0.014090906884272506, 0.04602739531627699, 0.027439954479734286));
#1195 = CARTESIAN_POINT('NONE', (0.014095773422178189, 0.04603673219614103, 0.027445345129837182));
#1196 = CARTESIAN_POINT('NONE', (0.014233720873943556, 0.04631910851585348, 0.027608375174035946));
#1197 = CARTESIAN_POINT('NONE', (0.014275952089848946, 0.04640555516761643, 0.027658285171701824));
#1198 = CARTESIAN_POINT('NONE', (0.014370322515989157, 0.04661215063793356, 0.027777563122102777));
#1199 = CARTESIAN_POINT('NONE', (0.014445737510759308, 0.046777248931442965, 0.027872882666303177));
#1200 = CARTESIAN_POINT('NONE', (0.014500744491627863, 0.04690639162220021, 0.027947443233575744));
#1201 = CARTESIAN_POINT('NONE', (0.014605099328585615, 0.04715139078822354, 0.028088893568030553));
#1202 = CARTESIAN_POINT('NONE', (0.014625018962623752, 0.04720170426028283, 0.02811794206466784));
#1203 = CARTESIAN_POINT('NONE', (0.0146989855826703, 0.04738853085879894, 0.028225806451612902));
#1204 = CARTESIAN_POINT('NONE', (0.014742350659818167, 0.04749806337296312, 0.028289045078150606));
#1205 = CARTESIAN_POINT('NONE', (0.01475402912324231, 0.04752756110580604, 0.028306075602147953));
#1206 = CARTESIAN_POINT('NONE', (0.014852201607345978, 0.04779532331052999, 0.028460668183124135));
#1207 = CARTESIAN_POINT('NONE', (0.014892539899457095, 0.047905344668643594, 0.02852418904384763));
#1208 = CARTESIAN_POINT('NONE', (0.014956032708656655, 0.048093152345040815, 0.02863261985637144));
#1209 = CARTESIAN_POINT('NONE', (0.015, 0.04822320478607739, 0.02870770566821268));
#1210 = B_SPLINE_CURVE_WITH_KNOTS('NONE', 2, (#990, #991, #992, #993, #994, #995, #996, #997, #998, #999, #1000, #1001, #1002, #1003, #1004, #1005, #1006, #1007, #1008, #1009, #1010, #1011, #1012, #1013, #1014, #1015, #1016, #1017, #1018, #1019, #1020, #1021, #1022, #1023, #1024, #1025, #1026, #1027, #1028, #1029, #1030, #1031, #1032, #1033, #1034, #1035, #1036, #1037, #1038, #1039, #1040, #1041, #1042, #1043, #1044, #1045, #1046, #1047, #1048, #1049, #1050, #1051, #1052, #1053, #1054, #1055, #1056, #1057, #1058, #1059, #1060, #1061, #1062, #1063, #1064, #1065, #1066, #1067, #1068, #1069, #1070, #1071, #1072, #1073, #1074, #1075, #1076, #1077, #1078, #1079, #1080, #1081, #1082, #1083, #1084, #1085, #1086, #1087, #1088, #1089, #1090, #1091, #1092, #1093, #1094, #1095, #1096, #1097, #1098, #1099, #1100, #1101, #1102, #1103, #1104, #1105, #1106, #1107, #1108, #1109, #1110, #1111, #1112, #1113, #1114, #1115, #1116, #1117, #1118, #1119, #1120, #1121, #1122, #1123, #1124, #1125, #1126, #1127, #1128, #1129, #1130, #1131, #1132, #1133, #1134, #1135, #1136, #1137, #1138, #1139, #1140, #1141, #1142, #1143, #1144, #1145, #1146, #1147, #1148, #1149, #1150, #1151, #1152, #1153, #1154, #1155, #1156, #1157, #1158, #1159, #1160, #1161, #1162, #1163, #1164, #1165, #1166, #1167, #1168, #1169, #1170, #1171, #1172, #1173, #1174, #1175, #1176, #1177, #1178, #1179, #1180, #1181, #1182, #1183, #1184, #1185, #1186, #1187, #1188, #1189, #1190, #1191, #1192, #1193, #1194, #1195, #1196, #1197, #1198, #1199, #1200, #1201, #1202, #1203, #1204, #1205, #1206, #1207, #1208, #1209), .UNSPECIFIED., .F., .F., (3, 1, 1, 1, 1, 1, 1, 1, 1, 1, 1, 1, 1, 1, 1, 1, 1, 1, 1, 1, 1, 1, 1, 1, 1, 1, 1, 1, 1, 1, 1, 1, 1, 1, 1, 1, 1, 1, 1, 1, 1, 1, 1, 1, 1, 1, 1, 1, 1, 1, 1, 1, 1, 1, 1, 1, 1, 1, 1, 1, 1, 1, 1, 1, 1, 1, 1, 1, 1, 1, 1, 1, 1, 1, 1, 1, 1, 1, 1, 1, 1, 1, 1, 1, 1, 1, 1, 1, 1, 1, 1, 1, 1, 1, 1, 1, 1, 1, 1, 1, 1, 1, 1, 1, 1, 1, 1, 1, 1, 1, 1, 1, 1, 1, 1, 1, 1, 1, 1, 1, 1, 1, 1, 1, 1, 1, 1, 1, 1, 1, 1, 1, 1, 1, 1, 1, 1, 1, 1, 1, 1, 1, 1, 1, 1, 1, 1, 1, 1, 1, 1, 1, 1, 1, 1, 1, 1, 1, 1, 1, 1, 1, 1, 1, 1, 1, 1, 1, 1, 1, 1, 1, 1, 1, 1, 1, 1, 1, 1, 1, 1, 1, 1, 1, 1, 1, 1, 1, 1, 1, 1, 1, 1, 1, 1, 1, 1, 1, 1, 1, 1, 1, 1, 1, 1, 1, 1, 1, 1, 1, 1, 1, 1, 1, 1, 1, 1, 1, 3), (0, 0.0045871559633027525, 0.009174311926605505, 0.013761467889908258, 0.01834862385321101, 0.022935779816513763, 0.027522935779816515, 0.03211009174311927, 0.03669724770642202, 0.04128440366972477, 0.045871559633027525, 0.05045871559633028, 0.05504587155963303, 0.05963302752293578, 0.06422018348623854, 0.06880733944954129, 0.07339449541284404, 0.0779816513761468, 0.08256880733944955, 0.0871559633027523, 0.09174311926605505, 0.0963302752293578, 0.10091743119266056, 0.10550458715596331, 0.11009174311926606, 0.11467889908256881, 0.11926605504587157, 0.12385321100917432, 0.12844036697247707, 0.13302752293577982, 0.13761467889908258, 0.14220183486238533, 0.14678899082568808, 0.15137614678899083, 0.1559633027522936, 0.16055045871559634, 0.1651376146788991, 0.16972477064220184, 0.1743119266055046, 0.17889908256880735, 0.1834862385321101, 0.18807339449541285, 0.1926605504587156, 0.19724770642201836, 0.2018348623853211, 0.20642201834862386, 0.21100917431192662, 0.21559633027522937, 0.22018348623853212, 0.22477064220183487, 0.22935779816513763, 0.23394495412844038, 0.23853211009174313, 0.24311926605504589, 0.24770642201834864, 0.2522935779816514, 0.25688073394495414, 0.26146788990825687, 0.26605504587155965, 0.27064220183486243, 0.27522935779816515, 0.2798165137614679, 0.28440366972477066, 0.28899082568807344, 0.29357798165137616, 0.2981651376146789, 0.30275229357798167, 0.30733944954128445, 0.3119266055045872, 0.3165137614678899, 0.3211009174311927, 0.32568807339449546, 0.3302752293577982, 0.3348623853211009, 0.3394495412844037, 0.34403669724770647, 0.3486238532110092, 0.3532110091743119, 0.3577981651376147, 0.3623853211009175, 0.3669724770642202, 0.37155963302752293, 0.3761467889908257, 0.3807339449541285, 0.3853211009174312, 0.38990825688073394, 0.3944954128440367, 0.3990825688073395, 0.4036697247706422, 0.40825688073394495, 0.41284403669724773, 0.4174311926605505, 0.42201834862385323, 0.42660550458715596, 0.43119266055045874, 0.4357798165137615, 0.44036697247706424, 0.44495412844036697, 0.44954128440366975, 0.45412844036697253, 0.45871559633027525, 0.463302752293578, 0.46788990825688076, 0.47247706422018354, 0.47706422018348627, 0.481651376146789, 0.48623853211009177, 0.49082568807339455, 0.4954128440366973, 0.5, 0.5045871559633027, 0.5091743119266054, 0.5137614678899083, 0.518348623853211, 0.5229357798165137, 0.5275229357798165, 0.5321100917431192, 0.536697247706422, 0.5412844036697247, 0.5458715596330275, 0.5504587155963303, 0.555045871559633, 0.5596330275229358, 0.5642201834862385, 0.5688073394495412, 0.573394495412844, 0.5779816513761468, 0.5825688073394495, 0.5871559633027523, 0.591743119266055, 0.5963302752293578, 0.6009174311926605, 0.6055045871559632, 0.6100917431192661, 0.6146788990825688, 0.6192660550458715, 0.6238532110091743, 0.6284403669724771, 0.6330275229357798, 0.6376146788990825, 0.6422018348623852, 0.6467889908256881, 0.6513761467889908, 0.6559633027522935, 0.6605504587155964, 0.6651376146788991, 0.6697247706422018, 0.6743119266055045, 0.6788990825688073, 0.6834862385321101, 0.6880733944954128, 0.6926605504587156, 0.6972477064220184, 0.7018348623853211, 0.7064220183486238, 0.7110091743119266, 0.7155963302752293, 0.7201834862385321, 0.7247706422018348, 0.7293577981651376, 0.7339449541284404, 0.7385321100917431, 0.7431192660550459, 0.7477064220183486, 0.7522935779816513, 0.7568807339449541, 0.7614678899082569, 0.7660550458715596, 0.7706422018348624, 0.7752293577981652, 0.7798165137614679, 0.7844036697247706, 0.7889908256880733, 0.7935779816513762, 0.7981651376146789, 0.8027522935779816, 0.8073394495412844, 0.8119266055045872, 0.8165137614678899, 0.8211009174311926, 0.8256880733944953, 0.8302752293577982, 0.8348623853211009, 0.8394495412844036, 0.8440366972477065, 0.8486238532110092, 0.8532110091743119, 0.8577981651376146, 0.8623853211009174, 0.8669724770642202, 0.8715596330275229, 0.8761467889908257, 0.8807339449541285, 0.8853211009174312, 0.8899082568807339, 0.8944954128440367, 0.8990825688073394, 0.9036697247706422, 0.908256880733945, 0.9128440366972477, 0.9174311926605505, 0.9220183486238532, 0.926605504587156, 0.9311926605504587, 0.9357798165137614, 0.9403669724770642, 0.944954128440367, 0.9495412844036697, 0.9541284403669725, 0.9587155963302753, 0.963302752293578, 0.9678899082568807, 0.9724770642201834, 0.9770642201834863, 0.981651376146789, 0.9862385321100917, 0.9908256880733946, 0.9954128440366973, 1), .UNSPECIFIED.);
#1211 = CARTESIAN_POINT('NONE', (-0.015, 0.048223204786077375, 0.03563590889848819));
#1212 = CARTESIAN_POINT('NONE', (-0.014910972581471263, 0.047959867365347235, 0.035483870967741936));
#1213 = CARTESIAN_POINT('NONE', (-0.014892539899457097, 0.0479053446686436, 0.03545239227412315));
#1214 = CARTESIAN_POINT('NONE', (-0.014885128960475447, 0.04788513157758332, 0.03544072224055834));
#1215 = CARTESIAN_POINT('NONE', (-0.014754029123242314, 0.04752756110580604, 0.03523427883242347));
#1216 = CARTESIAN_POINT('NONE', (-0.014690948138241363, 0.04736822969588955, 0.035142288800017824));
#1217 = CARTESIAN_POINT('NONE', (-0.01460509932858562, 0.04715139078822355, 0.03501709679830607));
#1218 = CARTESIAN_POINT('NONE', (-0.01447911550201728, 0.04685561214162217, 0.034846328917070214));
#1219 = CARTESIAN_POINT('NONE', (-0.014445737510759312, 0.046777248931442965, 0.03480108589657869));
#1220 = CARTESIAN_POINT('NONE', (-0.014347894915341991, 0.04656305219795299, 0.03467741935483872));
#1221 = CARTESIAN_POINT('NONE', (-0.01427595208984895, 0.046405555167616436, 0.03458648840197734));
#1222 = CARTESIAN_POINT('NONE', (-0.014248347206075705, 0.04634904839357876, 0.03455386420077565));
#1223 = CARTESIAN_POINT('NONE', (-0.014095773422178187, 0.04603673219614102, 0.03437354836011269));
#1224 = CARTESIAN_POINT('NONE', (-0.01399854148076384, 0.045850184187365875, 0.03426584481702957));
#1225 = CARTESIAN_POINT('NONE', (-0.01390525421174133, 0.045671204378600554, 0.03416251077625941));
#1226 = CARTESIAN_POINT('NONE', (-0.013732241746029345, 0.045359440560120735, 0.0339825138517365));
#1227 = CARTESIAN_POINT('NONE', (-0.013704469815297618, 0.04530939628651392, 0.0339536207768982));
#1228 = CARTESIAN_POINT('NONE', (-0.01362003427869488, 0.045166237030558734, 0.033870967741935494));
#1229 = CARTESIAN_POINT('NONE', (-0.013493518435597218, 0.04495173121117111, 0.0337471227493693));
#1230 = CARTESIAN_POINT('NONE', (-0.013448098702227419, 0.04487916116845212, 0.03370522441567039));
#1231 = CARTESIAN_POINT('NONE', (-0.013272521198127019, 0.04459862964552751, 0.033543259465393695));
#1232 = CARTESIAN_POINT('NONE', (-0.013147546591578723, 0.04441020795439443, 0.03343447415129685));
#1233 = CARTESIAN_POINT('NONE', (-0.013041622107775291, 0.04425050774871361, 0.03334227119455739));
#1234 = CARTESIAN_POINT('NONE', (-0.012832572384616324, 0.043952761166078574, 0.03317036712492276));
#1235 = CARTESIAN_POINT('NONE', (-0.012800987882904973, 0.043907775804191085, 0.033144394814127426));
#1236 = CARTESIAN_POINT('NONE', (-0.012698258882728445, 0.04376942186316446, 0.03306451612903226));
#1237 = CARTESIAN_POINT('NONE', (-0.012550807665481212, 0.043570836682930325, 0.032949862921767006));
#1238 = CARTESIAN_POINT('NONE', (-0.012502465443736758, 0.043509224443483416, 0.03291429107873697));
#1239 = CARTESIAN_POINT('NONE', (-0.012291292607103757, 0.04324008432319494, 0.032758902957838676));
#1240 = CARTESIAN_POINT('NONE', (-0.012158731706397802, 0.04308010254571193, 0.03266653743554343));
#1241 = CARTESIAN_POINT('NONE', (-0.012022675332030408, 0.04291590223858312, 0.032571736344021586));
#1242 = CARTESIAN_POINT('NONE', (-0.011803308708933601, 0.04266508991482251, 0.03242692978138233));
#1243 = CARTESIAN_POINT('NONE', (-0.011745209279525331, 0.042598662065893904, 0.03238857764492171));
#1244 = CARTESIAN_POINT('NONE', (-0.011536584371997886, 0.042372606695770205, 0.03225806451612903));
#1245 = CARTESIAN_POINT('NONE', (-0.011459167929105722, 0.04228872216415288, 0.032209633759218925));
#1246 = CARTESIAN_POINT('NONE', (-0.011436610782174578, 0.04226555404871148, 0.03219625764153222));
#1247 = CARTESIAN_POINT('NONE', (-0.011164843913471804, 0.041986426275750124, 0.03203510314667468));
#1248 = CARTESIAN_POINT('NONE', (-0.011058955759206514, 0.04188333050777229, 0.03197558077728036));
#1249 = CARTESIAN_POINT('NONE', (-0.01086254802506906, 0.041692102260116215, 0.031865175097019464));
#1250 = CARTESIAN_POINT('NONE', (-0.010819150047806878, 0.041652050572831605, 0.031842051244584196));
#1251 = CARTESIAN_POINT('NONE', (-0.010672666453593611, 0.04151686189635687, 0.031764000025830116));
#1252 = CARTESIAN_POINT('NONE', (-0.010552608123328035, 0.041406060909696604, 0.03170002904635534));
#1253 = CARTESIAN_POINT('NONE', (-0.010278674684682866, 0.04116647199122607, 0.031561702319781525));
#1254 = CARTESIAN_POINT('NONE', (-0.010235367950638822, 0.04112859485719154, 0.03153983394625055));
#1255 = CARTESIAN_POINT('NONE', (-0.010050956498852886, 0.04097579152837596, 0.03145161290322581));
#1256 = CARTESIAN_POINT('NONE', (-0.009911185866027, 0.04085997758211818, 0.03138474769017797));
#1257 = CARTESIAN_POINT('NONE', (-0.00987750457494883, 0.04083355055306426, 0.0313694900378398));
#1258 = CARTESIAN_POINT('NONE', (-0.009580433506291603, 0.04060046252374072, 0.031234916601364984));
#1259 = CARTESIAN_POINT('NONE', (-0.009470142933857263, 0.040518570817938894, 0.031187636402975897));
#1260 = CARTESIAN_POINT('NONE', (-0.00924349438503085, 0.04035028230631697, 0.031090474985489457));
#1261 = CARTESIAN_POINT('NONE', (-0.009058071858064558, 0.04022009599960374, 0.031015311886263768));
#1262 = CARTESIAN_POINT('NONE', (-0.008900762440508317, 0.04010964808144664, 0.03095154475098433));
#1263 = CARTESIAN_POINT('NONE', (-0.008642147343251238, 0.03993811623799065, 0.030852510794990427));
#1264 = CARTESIAN_POINT('NONE', (-0.008552640543694432, 0.03987874899109491, 0.03081823509901413));
#1265 = CARTESIAN_POINT('NONE', (-0.008223195459014884, 0.039672557739918755, 0.030699190524643025));
#1266 = CARTESIAN_POINT('NONE', (-0.008199538978050832, 0.03965775175362472, 0.030690642284470545));
#1267 = CARTESIAN_POINT('NONE', (-0.008065976415981611, 0.039578976360981705, 0.030645161290322583));
#1268 = CARTESIAN_POINT('NONE', (-0.007841873902708034, 0.03944680037392432, 0.030568849448614595));
#1269 = CARTESIAN_POINT('NONE', (-0.007801889695897955, 0.03942461124933802, 0.030556038551561613));
#1270 = CARTESIAN_POINT('NONE', (-0.007480065810621367, 0.03924601597748061, 0.03045292652327874));
#1271 = CARTESIAN_POINT('NONE', (-0.00737917325468877, 0.03919342909031953, 0.030422565469820452));
#1272 = CARTESIAN_POINT('NONE', (-0.007114537993080904, 0.03905549676704374, 0.030342930205847225));
#1273 = CARTESIAN_POINT('NONE', (-0.006955845319150105, 0.03897797167568737, 0.030298171073483666));
#1274 = CARTESIAN_POINT('NONE', (-0.006745715021605514, 0.03887531809937298, 0.03023890400356528));
#1275 = CARTESIAN_POINT('NONE', (-0.006532561763948594, 0.03877795215167153, 0.03018268974744994));
#1276 = CARTESIAN_POINT('NONE', (-0.006374021257778971, 0.038705532678462634, 0.030140878345098213));
#1277 = CARTESIAN_POINT('NONE', (-0.0061099370874261524, 0.038593048783159625, 0.030075935737865524));
#1278 = CARTESIAN_POINT('NONE', (-0.00599987940099838, 0.03854617086063632, 0.03004887075667764));
#1279 = CARTESIAN_POINT('NONE', (-0.005688544096046803, 0.0384229099310292, 0.02997770602578841));
#1280 = CARTESIAN_POINT('NONE', (-0.005623709083415897, 0.038397241065979616, 0.02996288609964224));
#1281 = CARTESIAN_POINT('NONE', (-0.005268914032865132, 0.038267158810733164, 0.02988778307455891));
#1282 = CARTESIAN_POINT('NONE', (-0.005245925520578345, 0.038258730289764835, 0.029882916865708972));
#1283 = CARTESIAN_POINT('NONE', (-0.005019439022056717, 0.038182161193587444, 0.02983870967741935));
#1284 = CARTESIAN_POINT('NONE', (-0.004999999999999999, 0.0381755893742553, 0.02983491543575887));
#1285 = CARTESIAN_POINT('NONE', (-0.004866938225421345, 0.03813060470681706, 0.029808943525903995));
#1286 = CARTESIAN_POINT('NONE', (-0.004851629203870649, 0.038125856494341484, 0.029806202144153054));
#1287 = CARTESIAN_POINT('NONE', (-0.004487149792371327, 0.03801281036118134, 0.029740934928742198));
#1288 = CARTESIAN_POINT('NONE', (-0.004437209974318472, 0.0379986851118647, 0.029732779712246866));
#1289 = CARTESIAN_POINT('NONE', (-0.004106954757366463, 0.037905273932980696, 0.029678848742972868));
#1290 = CARTESIAN_POINT('NONE', (-0.004025937828783742, 0.03788452613993353, 0.029666869999071994));
#1291 = CARTESIAN_POINT('NONE', (-0.0037267385386423493, 0.03780790357400431, 0.029622631940006763));
#1292 = CARTESIAN_POINT('NONE', (-0.003618173342093827, 0.037782949156964445, 0.02960822450061132));
#1293 = CARTESIAN_POINT('NONE', (-0.0035160113605879994, 0.037759466560578436, 0.02959466681726659));
#1294 = CARTESIAN_POINT('NONE', (-0.0033468764621556162, 0.03772058980333339, 0.02957222131100594));
#1295 = CARTESIAN_POINT('NONE', (-0.0032142422248921626, 0.03769351910551457, 0.029556592036333092));
#1296 = CARTESIAN_POINT('NONE', (-0.0029677328745534594, 0.037643206454194555, 0.029527544013549838));
#1297 = CARTESIAN_POINT('NONE', (-0.0028144370141380774, 0.037615799010253186, 0.02951172031841249));
#1298 = CARTESIAN_POINT('NONE', (-0.002589660345652671, 0.037575611663222756, 0.029488518142786455));
#1299 = CARTESIAN_POINT('NONE', (-0.002419018842460357, 0.03754935239007807, 0.029473357344367648));
#1300 = CARTESIAN_POINT('NONE', (-0.0022129989614808132, 0.03751764889341009, 0.029455053322032132));
#1301 = CARTESIAN_POINT('NONE', (-0.0020282192542474833, 0.03749374537691362, 0.029441252620348322));
#1302 = CARTESIAN_POINT('NONE', (-0.0018380757080651035, 0.037469147982205506, 0.029427051307892232));
#1303 = CARTESIAN_POINT('NONE', (-0.0016422420404881366, 0.03744854855647172, 0.029415158223899677));
#1304 = CARTESIAN_POINT('NONE', (-0.0014652039453410936, 0.03742992620650424, 0.029404406605133007));
#1305 = CARTESIAN_POINT('NONE', (-0.0012612650683720052, 0.03741333854824016, 0.029394829716169017));
#1306 = CARTESIAN_POINT('NONE', (-0.0010946829698005043, 0.0373997893566143, 0.029387007086736527));
#1307 = CARTESIAN_POINT('NONE', (-0.0008854420854515671, 0.03738769934327723, 0.029380026914281855));
#1308 = CARTESIAN_POINT('NONE', (-0.0007267976638119877, 0.03737853281170074, 0.029374734614808638));
#1309 = CARTESIAN_POINT('NONE', (-0.0005149044816986391, 0.03737122341912781, 0.02937051453503904));
#1310 = CARTESIAN_POINT('NONE', (-0.00036181822893416364, 0.03736594260967555, 0.029367465658280245));
#1311 = CARTESIAN_POINT('NONE', (-0.0001497629960310799, 0.037363512651426116, 0.029366062721230813));
#1312 = CARTESIAN_POINT('NONE', (-0.000000000000000002900479261138468, 0.0373617965050114, 0.029365071903636308));
#1313 = CARTESIAN_POINT('NONE', (0.00021187088081641863, 0.03736422435075522, 0.02936647362103005));
#1314 = CARTESIAN_POINT('NONE', (0.00036181822893415784, 0.03736594260967555, 0.02936746565828024));
#1315 = CARTESIAN_POINT('NONE', (0.0005731860894210633, 0.03737323388093868, 0.02937167527570675));
#1316 = CARTESIAN_POINT('NONE', (0.000726797663811982, 0.03737853281170073, 0.029374734614808634));
#1317 = CARTESIAN_POINT('NONE', (0.0009352801196747474, 0.03739057900276789, 0.02938168948646397));
#1318 = CARTESIAN_POINT('NONE', (0.0010946829698004986, 0.0373997893566143, 0.029387007086736527));
#1319 = CARTESIAN_POINT('NONE', (0.0012978328814720129, 0.03741631284326514, 0.029396546926202336));
#1320 = CARTESIAN_POINT('NONE', (0.0014652039453410877, 0.037429926206504247, 0.02940440660513301));
#1321 = CARTESIAN_POINT('NONE', (0.0016605242586275766, 0.03745047163333318, 0.02941626851284331));
#1322 = CARTESIAN_POINT('NONE', (0.0018380757080650977, 0.037469147982205506, 0.02942705130789223));
#1323 = CARTESIAN_POINT('NONE', (0.0020230354112733126, 0.03749307478338415, 0.029440865452993566));
#1324 = CARTESIAN_POINT('NONE', (0.0022129989614808067, 0.03751764889341009, 0.029455053322032135));
#1325 = CARTESIAN_POINT('NONE', (0.0023850500466550714, 0.03754412508094894, 0.02947033935603481));
#1326 = CARTESIAN_POINT('NONE', (0.0025896603456526655, 0.037575611663222756, 0.029488518142786458));
#1327 = CARTESIAN_POINT('NONE', (0.0027462556443519693, 0.037603609006784104, 0.029504682416628195));
#1328 = CARTESIAN_POINT('NONE', (0.002967732874553453, 0.03764320645419455, 0.029527544013549838));
#1329 = CARTESIAN_POINT('NONE', (0.0031063446226707717, 0.037671497164231724, 0.02954387766260537));
#1330 = CARTESIAN_POINT('NONE', (0.0033468764621556106, 0.037720589803333385, 0.02957222131100594));
#1331 = CARTESIAN_POINT('NONE', (0.003465015433946938, 0.03774774481492519, 0.029587899264258317));
#1332 = CARTESIAN_POINT('NONE', (0.0037267385386423432, 0.037807903574004306, 0.02962263194000676));
#1333 = CARTESIAN_POINT('NONE', (0.0038219735776888206, 0.03783229251240942, 0.0296367129001602));
#1334 = CARTESIAN_POINT('NONE', (0.004106954757366458, 0.03790527393298069, 0.029678848742972865));
#1335 = CARTESIAN_POINT('NONE', (0.0041769325219043795, 0.03792506682388937, 0.02969027617386703));
#1336 = CARTESIAN_POINT('NONE', (0.004487149792371321, 0.038012810361181336, 0.029740934928742198));
#1337 = CARTESIAN_POINT('NONE', (0.004529614524516417, 0.03802598112916776, 0.029748539075184592));
#1338 = CARTESIAN_POINT('NONE', (0.00486693822542134, 0.03813060470681706, 0.029808943525904));
#1339 = CARTESIAN_POINT('NONE', (0.0048797513484653155, 0.03813493648490136, 0.02981144447914704));
#1340 = CARTESIAN_POINT('NONE', (0.005, 0.0381755893742553, 0.029834915435758873));
#1341 = CARTESIAN_POINT('NONE', (0.005019439022056701, 0.038182161193587444, 0.02983870967741935));
#1342 = CARTESIAN_POINT('NONE', (0.005226896115897287, 0.03825229695123591, 0.02987920257597751));
#1343 = CARTESIAN_POINT('NONE', (0.005245925520578339, 0.038258730289764835, 0.029882916865708976));
#1344 = CARTESIAN_POINT('NONE', (0.005570786353343372, 0.03837783744670435, 0.02995168341483042));
#1345 = CARTESIAN_POINT('NONE', (0.0056237090834158916, 0.038397241065979616, 0.029962886099642243));
#1346 = CARTESIAN_POINT('NONE', (0.005911294520944689, 0.03851109917268159, 0.03002862210819605));
#1347 = CARTESIAN_POINT('NONE', (0.005999879400998372, 0.03854617086063631, 0.03004887075667764));
#1348 = CARTESIAN_POINT('NONE', (0.0062481903394471, 0.03865193631248351, 0.030109934468772578));
#1349 = CARTESIAN_POINT('NONE', (0.0063740212577789645, 0.038705532678462634, 0.030140878345098217));
#1350 = CARTESIAN_POINT('NONE', (0.006581255681326176, 0.03880019497106298, 0.03019553164521314));
#1351 = CARTESIAN_POINT('NONE', (0.006745715021605508, 0.03887531809937299, 0.030238904003565284));
#1352 = CARTESIAN_POINT('NONE', (0.006910284676336617, 0.038955714233621, 0.03028532073331518));
#1353 = CARTESIAN_POINT('NONE', (0.0071145379930809, 0.03905549676704374, 0.030342930205847222));
#1354 = CARTESIAN_POINT('NONE', (0.00723508370554796, 0.039118327208008, 0.03037920537785124));
#1355 = CARTESIAN_POINT('NONE', (0.007480065810621361, 0.0392460159774806, 0.030452926523278738));
#1356 = CARTESIAN_POINT('NONE', (0.007535034626228626, 0.03927652076912658, 0.030470538472947114));
#1357 = CARTESIAN_POINT('NONE', (0.007555471290080539, 0.039287862039005764, 0.030477086358164814));
#1358 = CARTESIAN_POINT('NONE', (0.007841873902708019, 0.03944680037392431, 0.03056884944861459));
#1359 = CARTESIAN_POINT('NONE', (0.007871277882069833, 0.03946414288355882, 0.030578862151220493));
#1360 = CARTESIAN_POINT('NONE', (0.008065976415981595, 0.039578976360981705, 0.03064516129032258));
#1361 = CARTESIAN_POINT('NONE', (0.008182014539073194, 0.03964741581412249, 0.030684674827016603));
#1362 = CARTESIAN_POINT('NONE', (0.008199538978050817, 0.03965775175362472, 0.030690642284470545));
#1363 = CARTESIAN_POINT('NONE', (0.00848721257150691, 0.03983779929697401, 0.030794592782090183));
#1364 = CARTESIAN_POINT('NONE', (0.008552640543694414, 0.0398787489910949, 0.030818235099014116));
#1365 = CARTESIAN_POINT('NONE', (0.008787266816178292, 0.04003436974745918, 0.030908082784592526));
#1366 = CARTESIAN_POINT('NONE', (0.0089007624405083, 0.04010964808144663, 0.030951544750984324));
#1367 = CARTESIAN_POINT('NONE', (0.009082053556559833, 0.04023693369892157, 0.03102503313649745));
#1368 = CARTESIAN_POINT('NONE', (0.009243494385030844, 0.04035028230631696, 0.031090474985489447));
#1369 = CARTESIAN_POINT('NONE', (0.009371459848421833, 0.0404452977718233, 0.031145332190076713));
#1370 = CARTESIAN_POINT('NONE', (0.009580433506291602, 0.040600462523740714, 0.031234916601364977));
#1371 = CARTESIAN_POINT('NONE', (0.009655382904683703, 0.040659269352857956, 0.031268868739986));
#1372 = CARTESIAN_POINT('NONE', (0.009911185866026994, 0.040859977582118186, 0.03138474769017797));
#1373 = CARTESIAN_POINT('NONE', (0.009933729444239831, 0.04087865719100893, 0.03139553236739939));
#1374 = CARTESIAN_POINT('NONE', (0.010050956498852882, 0.04097579152837595, 0.031451612903225803));
#1375 = CARTESIAN_POINT('NONE', (0.010205624263409053, 0.04110394923797459, 0.0315256047913613));
#1376 = CARTESIAN_POINT('NONE', (0.010235367950638816, 0.04112859485719152, 0.03153983394625054));
#1377 = CARTESIAN_POINT('NONE', (0.010471081357566874, 0.04133475559650913, 0.03165886090459189));
#1378 = CARTESIAN_POINT('NONE', (0.010552608123328033, 0.041406060909696604, 0.031700029046355334));
#1379 = CARTESIAN_POINT('NONE', (0.010730621580086077, 0.04157034827404661, 0.03179488040038727));
#1380 = CARTESIAN_POINT('NONE', (0.010862548025069056, 0.041692102260116215, 0.03186517509701946));
#1381 = CARTESIAN_POINT('NONE', (0.010984190108111375, 0.04181053650856154, 0.03193355314224064));
#1382 = CARTESIAN_POINT('NONE', (0.011164843913471799, 0.041986426275750124, 0.032035103146674675));
#1383 = CARTESIAN_POINT('NONE', (0.011231738994633042, 0.04205513323445976, 0.03207477112778088));
#1384 = CARTESIAN_POINT('NONE', (0.011459167929105715, 0.04228872216415288, 0.03220963375921892));
#1385 = CARTESIAN_POINT('NONE', (0.01147322644584139, 0.04230395525995979, 0.03221842859118363));
#1386 = CARTESIAN_POINT('NONE', (0.01153658437199787, 0.04237260669577019, 0.032258064516129024));
#1387 = CARTESIAN_POINT('NONE', (0.011707323829814873, 0.04255761131381401, 0.032364876982157946));
#1388 = CARTESIAN_POINT('NONE', (0.011745209279525328, 0.042598662065893904, 0.03238857764492171));
#1389 = CARTESIAN_POINT('NONE', (0.011934728306002318, 0.04281534820873781, 0.0325136814478223));
#1390 = CARTESIAN_POINT('NONE', (0.012022675332030403, 0.04291590223858311, 0.03257173634402158));
#1391 = CARTESIAN_POINT('NONE', (0.012155894670707103, 0.04307667865518189, 0.03266456065142423));
#1392 = CARTESIAN_POINT('NONE', (0.012291292607103753, 0.043240084323194934, 0.032758902957838676));
#1393 = CARTESIAN_POINT('NONE', (0.01237080965082523, 0.04334142892344471, 0.0328174142900738));
#1394 = CARTESIAN_POINT('NONE', (0.012550807665481209, 0.043570836682930325, 0.032949862921767006));
#1395 = CARTESIAN_POINT('NONE', (0.012579463446691506, 0.043609429877226276, 0.03297214471288266));
#1396 = CARTESIAN_POINT('NONE', (0.012698258882728441, 0.04376942186316446, 0.03306451612903226));
#1397 = CARTESIAN_POINT('NONE', (0.01278102345122398, 0.043880887994529987, 0.03312887112998167));
#1398 = CARTESIAN_POINT('NONE', (0.01280098788290497, 0.04390777580419109, 0.033144394814127426));
#1399 = CARTESIAN_POINT('NONE', (0.01297507275802091, 0.044155722445167044, 0.03328754687403956));
#1400 = CARTESIAN_POINT('NONE', (0.013041622107775291, 0.04425050774871362, 0.03334227119455739));
#1401 = CARTESIAN_POINT('NONE', (0.013162796138932925, 0.044433199389061456, 0.03344774826229092));
#1402 = CARTESIAN_POINT('NONE', (0.01327252119812701, 0.04459862964552749, 0.03354325946539369));
#1403 = CARTESIAN_POINT('NONE', (0.013344204416928985, 0.044713162555889155, 0.03360938507202207));
#1404 = CARTESIAN_POINT('NONE', (0.013493518435597221, 0.044951731211171124, 0.033747122749369314));
#1405 = CARTESIAN_POINT('NONE', (0.013519309719791442, 0.04499545996808949, 0.03377236955894746));
#1406 = CARTESIAN_POINT('NONE', (0.01362003427869488, 0.045166237030558734, 0.033870967741935494));
#1407 = CARTESIAN_POINT('NONE', (0.013687256944029539, 0.045280212107165534, 0.033936771283095336));
#1408 = CARTESIAN_POINT('NONE', (0.013704469815297621, 0.04530939628651392, 0.0339536207768982));
#1409 = CARTESIAN_POINT('NONE', (0.013847601406540578, 0.045567315571389516, 0.03410253054545033));
#1410 = CARTESIAN_POINT('NONE', (0.01390525421174133, 0.04567120437860056, 0.03416251077625942));
#1411 = CARTESIAN_POINT('NONE', (0.014001667988075086, 0.04585618266589927, 0.03426930804022556));
#1412 = CARTESIAN_POINT('NONE', (0.014095773422178192, 0.04603673219614104, 0.0343735483601127));
#1413 = CARTESIAN_POINT('NONE', (0.014149482976025763, 0.046146674829765554, 0.03443702376923123));
#1414 = CARTESIAN_POINT('NONE', (0.01427595208984895, 0.046405555167616436, 0.03458648840197734));
#1415 = CARTESIAN_POINT('NONE', (0.014291072567396873, 0.046438656874350184, 0.03460559968127071));
#1416 = CARTESIAN_POINT('NONE', (0.01434789491534199, 0.04656305219795299, 0.03467741935483872));
#1417 = CARTESIAN_POINT('NONE', (0.014425173587156098, 0.046732230447982276, 0.03477509446303416));
#1418 = CARTESIAN_POINT('NONE', (0.014445737510759308, 0.046777248931442965, 0.03480108589657869));
#1419 = CARTESIAN_POINT('NONE', (0.014552156933054268, 0.047027095229621806, 0.034945334724088284));
#1420 = CARTESIAN_POINT('NONE', (0.014605099328585619, 0.04715139078822356, 0.03501709679830608));
#1421 = CARTESIAN_POINT('NONE', (0.014673010911413582, 0.0473229234337819, 0.035116131217393994));
#1422 = CARTESIAN_POINT('NONE', (0.014754029123242312, 0.047527561105806033, 0.03523427883242347));
#1423 = CARTESIAN_POINT('NONE', (0.014787771441745909, 0.04761959216397383, 0.035287412988630446));
#1424 = CARTESIAN_POINT('NONE', (0.014892539899457095, 0.04790534466864359, 0.03545239227412314));
#1425 = CARTESIAN_POINT('NONE', (0.014896473756091691, 0.04791698076544159, 0.035459110377741784));
#1426 = CARTESIAN_POINT('NONE', (0.014910972581471265, 0.04795986736534723, 0.035483870967741936));
#1427 = CARTESIAN_POINT('NONE', (0.014997255099381176, 0.048215085545274185, 0.03563122125262485));
#1428 = CARTESIAN_POINT('NONE', (0.015, 0.04822320478607738, 0.03563590889848819));
#1429 = B_SPLINE_CURVE_WITH_KNOTS('NONE', 2, (#1211, #1212, #1213, #1214, #1215, #1216, #1217, #1218, #1219, #1220, #1221, #1222, #1223, #1224, #1225, #1226, #1227, #1228, #1229, #1230, #1231, #1232, #1233, #1234, #1235, #1236, #1237, #1238, #1239, #1240, #1241, #1242, #1243, #1244, #1245, #1246, #1247, #1248, #1249, #1250, #1251, #1252, #1253, #1254, #1255, #1256, #1257, #1258, #1259, #1260, #1261, #1262, #1263, #1264, #1265, #1266, #1267, #1268, #1269, #1270, #1271, #1272, #1273, #1274, #1275, #1276, #1277, #1278, #1279, #1280, #1281, #1282, #1283, #1284, #1285, #1286, #1287, #1288, #1289, #1290, #1291, #1292, #1293, #1294, #1295, #1296, #1297, #1298, #1299, #1300, #1301, #1302, #1303, #1304, #1305, #1306, #1307, #1308, #1309, #1310, #1311, #1312, #1313, #1314, #1315, #1316, #1317, #1318, #1319, #1320, #1321, #1322, #1323, #1324, #1325, #1326, #1327, #1328, #1329, #1330, #1331, #1332, #1333, #1334, #1335, #1336, #1337, #1338, #1339, #1340, #1341, #1342, #1343, #1344, #1345, #1346, #1347, #1348, #1349, #1350, #1351, #1352, #1353, #1354, #1355, #1356, #1357, #1358, #1359, #1360, #1361, #1362, #1363, #1364, #1365, #1366, #1367, #1368, #1369, #1370, #1371, #1372, #1373, #1374, #1375, #1376, #1377, #1378, #1379, #1380, #1381, #1382, #1383, #1384, #1385, #1386, #1387, #1388, #1389, #1390, #1391, #1392, #1393, #1394, #1395, #1396, #1397, #1398, #1399, #1400, #1401, #1402, #1403, #1404, #1405, #1406, #1407, #1408, #1409, #1410, #1411, #1412, #1413, #1414, #1415, #1416, #1417, #1418, #1419, #1420, #1421, #1422, #1423, #1424, #1425, #1426, #1427, #1428), .UNSPECIFIED., .F., .F., (3, 1, 1, 1, 1, 1, 1, 1, 1, 1, 1, 1, 1, 1, 1, 1, 1, 1, 1, 1, 1, 1, 1, 1, 1, 1, 1, 1, 1, 1, 1, 1, 1, 1, 1, 1, 1, 1, 1, 1, 1, 1, 1, 1, 1, 1, 1, 1, 1, 1, 1, 1, 1, 1, 1, 1, 1, 1, 1, 1, 1, 1, 1, 1, 1, 1, 1, 1, 1, 1, 1, 1, 1, 1, 1, 1, 1, 1, 1, 1, 1, 1, 1, 1, 1, 1, 1, 1, 1, 1, 1, 1, 1, 1, 1, 1, 1, 1, 1, 1, 1, 1, 1, 1, 1, 1, 1, 1, 1, 1, 1, 1, 1, 1, 1, 1, 1, 1, 1, 1, 1, 1, 1, 1, 1, 1, 1, 1, 1, 1, 1, 1, 1, 1, 1, 1, 1, 1, 1, 1, 1, 1, 1, 1, 1, 1, 1, 1, 1, 1, 1, 1, 1, 1, 1, 1, 1, 1, 1, 1, 1, 1, 1, 1, 1, 1, 1, 1, 1, 1, 1, 1, 1, 1, 1, 1, 1, 1, 1, 1, 1, 1, 1, 1, 1, 1, 1, 1, 1, 1, 1, 1, 1, 1, 1, 1, 1, 1, 1, 1, 1, 1, 1, 1, 1, 1, 1, 1, 1, 1, 1, 1, 1, 1, 1, 1, 3), (0, 0.004629629629629629, 0.009259259259259259, 0.013888888888888888, 0.018518518518518517, 0.023148148148148147, 0.027777777777777776, 0.032407407407407406, 0.037037037037037035, 0.041666666666666664, 0.046296296296296294, 0.05092592592592592, 0.05555555555555555, 0.06018518518518518, 0.06481481481481481, 0.06944444444444445, 0.07407407407407407, 0.07870370370370369, 0.08333333333333333, 0.08796296296296297, 0.09259259259259259, 0.09722222222222221, 0.10185185185185185, 0.10648148148148148, 0.1111111111111111, 0.11574074074074073, 0.12037037037037036, 0.125, 0.12962962962962962, 0.13425925925925924, 0.1388888888888889, 0.14351851851851852, 0.14814814814814814, 0.15277777777777776, 0.15740740740740738, 0.16203703703703703, 0.16666666666666666, 0.17129629629629628, 0.17592592592592593, 0.18055555555555555, 0.18518518518518517, 0.1898148148148148, 0.19444444444444442, 0.19907407407407407, 0.2037037037037037, 0.20833333333333331, 0.21296296296296297, 0.2175925925925926, 0.2222222222222222, 0.22685185185185183, 0.23148148148148145, 0.2361111111111111, 0.24074074074074073, 0.24537037037037035, 0.25, 0.2546296296296296, 0.25925925925925924, 0.2638888888888889, 0.2685185185185185, 0.27314814814814814, 0.2777777777777778, 0.2824074074074074, 0.28703703703703703, 0.29166666666666663, 0.2962962962962963, 0.30092592592592593, 0.3055555555555555, 0.3101851851851852, 0.31481481481481477, 0.3194444444444444, 0.32407407407407407, 0.32870370370370366, 0.3333333333333333, 0.33796296296296297, 0.34259259259259256, 0.3472222222222222, 0.35185185185185186, 0.35648148148148145, 0.3611111111111111, 0.3657407407407407, 0.37037037037037035, 0.375, 0.3796296296296296, 0.38425925925925924, 0.38888888888888884, 0.3935185185185185, 0.39814814814814814, 0.40277777777777773, 0.4074074074074074, 0.41203703703703703, 0.41666666666666663, 0.4212962962962963, 0.42592592592592593, 0.4305555555555555, 0.4351851851851852, 0.43981481481481477, 0.4444444444444444, 0.44907407407407407, 0.45370370370370366, 0.4583333333333333, 0.4629629629629629, 0.46759259259259256, 0.4722222222222222, 0.4768518518518518, 0.48148148148148145, 0.4861111111111111, 0.4907407407407407, 0.49537037037037035, 0.5, 0.5046296296296297, 0.5092592592592593, 0.5138888888888888, 0.5185185185185186, 0.5231481481481481, 0.5277777777777778, 0.5324074074074074, 0.5370370370370371, 0.5416666666666667, 0.5462962962962963, 0.5509259259259259, 0.5555555555555556, 0.5601851851851852, 0.5648148148148149, 0.5694444444444444, 0.5740740740740741, 0.5787037037037037, 0.5833333333333334, 0.587962962962963, 0.5925925925925926, 0.5972222222222223, 0.6018518518518519, 0.6064814814814815, 0.6111111111111112, 0.6157407407407407, 0.6203703703703705, 0.625, 0.6296296296296297, 0.6342592592592593, 0.6388888888888888, 0.6435185185185186, 0.6481481481481481, 0.6527777777777778, 0.6574074074074074, 0.662037037037037, 0.6666666666666667, 0.6712962962962963, 0.6759259259259259, 0.6805555555555556, 0.6851851851851852, 0.6898148148148149, 0.6944444444444444, 0.6990740740740741, 0.7037037037037037, 0.7083333333333334, 0.712962962962963, 0.7175925925925926, 0.7222222222222222, 0.7268518518518519, 0.7314814814814815, 0.7361111111111112, 0.7407407407407407, 0.7453703703703705, 0.75, 0.7546296296296297, 0.7592592592592593, 0.7638888888888888, 0.7685185185185186, 0.7731481481481481, 0.7777777777777778, 0.7824074074074074, 0.787037037037037, 0.7916666666666667, 0.7962962962962963, 0.8009259259259259, 0.8055555555555556, 0.8101851851851852, 0.8148148148148149, 0.8194444444444444, 0.8240740740740741, 0.8287037037037037, 0.8333333333333334, 0.837962962962963, 0.8425925925925926, 0.8472222222222222, 0.8518518518518519, 0.8564814814814815, 0.8611111111111112, 0.8657407407407407, 0.8703703703703703, 0.875, 0.8796296296296297, 0.8842592592592593, 0.8888888888888888, 0.8935185185185185, 0.8981481481481481, 0.9027777777777778, 0.9074074074074074, 0.912037037037037, 0.9166666666666666, 0.9212962962962963, 0.9259259259259259, 0.9305555555555556, 0.9351851851851852, 0.9398148148148148, 0.9444444444444444, 0.9490740740740741, 0.9537037037037037, 0.9583333333333334, 0.962962962962963, 0.9675925925925926, 0.9722222222222222, 0.9768518518518519, 0.9814814814814815, 0.9861111111111112, 0.9907407407407407, 0.9953703703703703, 1), .UNSPECIFIED.);
#1430 = DIRECTION('NONE', (0, -0.0000000000000010015430662705362, -1));
#1431 = VECTOR('NONE', #1430, 1);
#1432 = CARTESIAN_POINT('NONE', (-0.015, 0.04822320478607739, 0.035635908896939655));
#1433 = LINE('NONE', #1432, #1431);
#1434 = DIRECTION('NONE', (0, 1, 0));
#1435 = VECTOR('NONE', #1434, 1);
#1436 = CARTESIAN_POINT('NONE', (-0.015, 0.0000000000013913893162631475, -0.14507193459685544));
#1437 = LINE('NONE', #1436, #1435);
#1438 = DIRECTION('NONE', (0, 0.0000000000000010015430662938624, -1));
#1439 = VECTOR('NONE', #1438, 1);
#1440 = CARTESIAN_POINT('NONE', (0.015, 0.04822320478607739, 0.03563590889690735));
#1441 = LINE('NONE', #1440, #1439);
#1442 = DIRECTION('NONE', (0, 1, 0));
#1443 = VECTOR('NONE', #1442, 1);
#1444 = CARTESIAN_POINT('NONE', (0.015, 0.0000000000013881518105135493, -0.14507193459685544));
#1445 = LINE('NONE', #1444, #1443);
#1446 = DIRECTION('NONE', (0, -0.8660254037844387, -0.5000000000000001));
#1447 = VECTOR('NONE', #1446, 1);
#1448 = CARTESIAN_POINT('NONE', (0.015, 0.048223204786077375, 0.03563590889848818));
#1449 = LINE('NONE', #1448, #1447);
#1450 = DIRECTION('NONE', (0, -0.8660254037844387, -0.5000000000000001));
#1451 = VECTOR('NONE', #1450, 1);
#1452 = CARTESIAN_POINT('NONE', (-0.015, 0.048223204786077375, 0.03563590889848818));
#1453 = LINE('NONE', #1452, #1451);
#1454 = DIRECTION('NONE', (0, 0, 1));
#1455 = VECTOR('NONE', #1454, 1);
#1456 = CARTESIAN_POINT('NONE', (0.015, 0.006, -0.14507193459685547));
#1457 = LINE('NONE', #1456, #1455);
#1458 = DIRECTION('NONE', (0, 0, 1));
#1459 = VECTOR('NONE', #1458, 1);
#1460 = CARTESIAN_POINT('NONE', (-0.015, 0.006, -0.14507193459685544));
#1461 = LINE('NONE', #1460, #1459);
#1462 = EDGE_CURVE('NONE', #6, #6, #93, .T.);
#1463 = EDGE_CURVE('NONE', #6, #8, #97, .T.);
#1464 = EDGE_CURVE('NONE', #8, #8, #102, .T.);
#1465 = EDGE_CURVE('NONE', #10, #10, #107, .T.);
#1466 = EDGE_CURVE('NONE', #10, #12, #112, .T.);
#1467 = EDGE_CURVE('NONE', #12, #12, #117, .T.);
#1468 = EDGE_CURVE('NONE', #14, #14, #122, .T.);
#1469 = EDGE_CURVE('NONE', #14, #16, #127, .T.);
#1470 = EDGE_CURVE('NONE', #16, #16, #132, .T.);
#1471 = EDGE_CURVE('NONE', #10, #14, #136, .T.);
#1472 = EDGE_CURVE('NONE', #18, #18, #141, .T.);
#1473 = EDGE_CURVE('NONE', #18, #20, #145, .T.);
#1474 = EDGE_CURVE('NONE', #20, #20, #150, .T.);
#1475 = EDGE_CURVE('NONE', #22, #22, #155, .T.);
#1476 = EDGE_CURVE('NONE', #24, #24, #160, .T.);
#1477 = EDGE_CURVE('NONE', #24, #26, #164, .T.);
#1478 = EDGE_CURVE('NONE', #26, #26, #169, .T.);
#1479 = EDGE_CURVE('NONE', #22, #24, #173, .T.);
#1480 = EDGE_CURVE('NONE', #28, #28, #301, .T.);
#1481 = EDGE_CURVE('NONE', #28, #30, #305, .T.);
#1482 = EDGE_CURVE('NONE', #30, #30, #310, .T.);
#1483 = EDGE_CURVE('NONE', #32, #32, #315, .T.);
#1484 = EDGE_CURVE('NONE', #32, #34, #319, .T.);
#1485 = EDGE_CURVE('NONE', #34, #34, #324, .T.);
#1486 = EDGE_CURVE('NONE', #36, #36, #329, .T.);
#1487 = EDGE_CURVE('NONE', #36, #38, #334, .T.);
#1488 = EDGE_CURVE('NONE', #38, #38, #339, .T.);
#1489 = EDGE_CURVE('NONE', #40, #40, #344, .T.);
#1490 = EDGE_CURVE('NONE', #40, #42, #349, .T.);
#1491 = EDGE_CURVE('NONE', #42, #42, #354, .T.);
#1492 = EDGE_CURVE('NONE', #40, #36, #358, .T.);
#1493 = EDGE_CURVE('NONE', #44, #44, #363, .T.);
#1494 = EDGE_CURVE('NONE', #44, #46, #367, .T.);
#1495 = EDGE_CURVE('NONE', #46, #46, #372, .T.);
#1496 = EDGE_CURVE('NONE', #48, #48, #377, .T.);
#1497 = EDGE_CURVE('NONE', #50, #50, #382, .T.);
#1498 = EDGE_CURVE('NONE', #50, #52, #386, .T.);
#1499 = EDGE_CURVE('NONE', #52, #52, #391, .T.);
#1500 = EDGE_CURVE('NONE', #48, #50, #395, .T.);
#1501 = EDGE_CURVE('NONE', #54, #54, #523, .T.);
#1502 = EDGE_CURVE('NONE', #54, #56, #527, .T.);
#1503 = EDGE_CURVE('NONE', #56, #56, #532, .T.);
#1504 = EDGE_CURVE('NONE', #58, #74, #536, .T.);
#1505 = EDGE_CURVE('NONE', #60, #76, #540, .T.);
#1506 = EDGE_CURVE('NONE', #58, #60, #544, .T.);
#1507 = EDGE_CURVE('NONE', #62, #64, #548, .T.);
#1508 = EDGE_CURVE('NONE', #62, #66, #553, .T.);
#1509 = EDGE_CURVE('NONE', #66, #68, #557, .T.);
#1510 = EDGE_CURVE('NONE', #64, #68, #562, .T.);
#1511 = EDGE_CURVE('NONE', #66, #82, #566, .T.);
#1512 = EDGE_CURVE('NONE', #68, #84, #570, .T.);
#1513 = EDGE_CURVE('NONE', #70, #72, #574, .T.);
#1514 = EDGE_CURVE('NONE', #70, #58, #579, .T.);
#1515 = EDGE_CURVE('NONE', #72, #60, #584, .T.);
#1516 = EDGE_CURVE('NONE', #74, #76, #787, .T.);
#1517 = EDGE_CURVE('NONE', #78, #80, #989, .T.);
#1518 = EDGE_CURVE('NONE', #82, #84, #1210, .T.);
#1519 = EDGE_CURVE('NONE', #86, #88, #1429, .T.);
#1520 = EDGE_CURVE('NONE', #86, #82, #1433, .T.);
#1521 = EDGE_CURVE('NONE', #74, #78, #1437, .T.);
#1522 = EDGE_CURVE('NONE', #88, #84, #1441, .T.);
#1523 = EDGE_CURVE('NONE', #76, #80, #1445, .T.);
#1524 = EDGE_CURVE('NONE', #88, #72, #1449, .T.);
#1525 = EDGE_CURVE('NONE', #86, #70, #1453, .T.);
#1526 = EDGE_CURVE('NONE', #80, #64, #1457, .T.);
#1527 = EDGE_CURVE('NONE', #78, #62, #1461, .T.);
#1528 = CARTESIAN_POINT('NONE', (-0, -0.008, -0.15));
#1529 = DIRECTION('NONE', (0, 1, 0));
#1530 = DIRECTION('NONE', (1, 0, -0));
#1531 = AXIS2_PLACEMENT_3D('NONE', #1528, #1529, #1530);
#1532 = CYLINDRICAL_SURFACE('NONE', #1531, 0.016216216216216214);
#1533 = CARTESIAN_POINT('NONE', (0, -0.008, -0.15));
#1534 = DIRECTION('NONE', (0, -1, 0));
#1535 = DIRECTION('NONE', (1, 0, -0));
#1536 = AXIS2_PLACEMENT_3D('NONE', #1533, #1534, #1535);
#1537 = CYLINDRICAL_SURFACE('NONE', #1536, 0.0032);
#1538 = CARTESIAN_POINT('NONE', (0, -0.013, -0));
#1539 = DIRECTION('NONE', (0, 1, 0));
#1540 = AXIS2_PLACEMENT_3D('NONE', #1538, #1539, $);
#1541 = PLANE('NONE', #1540);
#1542 = CARTESIAN_POINT('NONE', (0, -0.003, -0));
#1543 = DIRECTION('NONE', (0, 1, 0));
#1544 = AXIS2_PLACEMENT_3D('NONE', #1542, #1543, $);
#1545 = PLANE('NONE', #1544);
#1546 = CARTESIAN_POINT('NONE', (-0, -0.012000000000000005, -0.14999999999999997));
#1547 = DIRECTION('NONE', (0, -1, 0));
#1548 = DIRECTION('NONE', (1, 0, -0.0000000000000017849106894986583));
#1549 = AXIS2_PLACEMENT_3D('NONE', #1546, #1547, #1548);
#1550 = TOROIDAL_SURFACE('NONE', #1549, 0.015216216216216216, 0.0009999999999999983);
#1551 = CARTESIAN_POINT('NONE', (-0, -0.003999999999999999, -0.15000000000000002));
#1552 = DIRECTION('NONE', (-0, 1, 0));
#1553 = DIRECTION('NONE', (1, 0, 0.0000000000000017849106894986583));
#1554 = AXIS2_PLACEMENT_3D('NONE', #1551, #1552, #1553);
#1555 = TOROIDAL_SURFACE('NONE', #1554, 0.015216216216216216, 0.0009999999999999983);
#1556 = CARTESIAN_POINT('NONE', (0.00000000000000002842170943040401, 0.0055, -0.15));
#1557 = DIRECTION('NONE', (0, 1, 0));
#1558 = DIRECTION('NONE', (1, 0, -0));
#1559 = AXIS2_PLACEMENT_3D('NONE', #1556, #1557, #1558);
#1560 = CYLINDRICAL_SURFACE('NONE', #1559, 0.0157894736842105);
#1561 = CARTESIAN_POINT('NONE', (0, -0.002, -0));
#1562 = DIRECTION('NONE', (0, 1, 0));
#1563 = AXIS2_PLACEMENT_3D('NONE', #1561, #1562, $);
#1564 = PLANE('NONE', #1563);
#1565 = CARTESIAN_POINT('NONE', (0, 0.013, -0));
#1566 = DIRECTION('NONE', (0, 1, 0));
#1567 = AXIS2_PLACEMENT_3D('NONE', #1565, #1566, $);
#1568 = PLANE('NONE', #1567);
#1569 = CARTESIAN_POINT('NONE', (0, -0.0245, -0.15));
#1570 = DIRECTION('NONE', (0, -1, -0));
#1571 = DIRECTION('NONE', (-1, 0, -0));
#1572 = AXIS2_PLACEMENT_3D('NONE', #1569, #1570, #1571);
#1573 = CYLINDRICAL_SURFACE('NONE', #1572, 0.0032);
#1574 = CARTESIAN_POINT('NONE', (0, -0.047, -0));
#1575 = DIRECTION('NONE', (0, -1, -0));
#1576 = AXIS2_PLACEMENT_3D('NONE', #1574, #1575, $);
#1577 = PLANE('NONE', #1576);
#1578 = CARTESIAN_POINT('NONE', (0, -0.047, -0.14999999999999997));
#1579 = DIRECTION('NONE', (0, 1, 0));
#1580 = DIRECTION('NONE', (-1, 0, -0.000000000000010658141036401501));
#1581 = AXIS2_PLACEMENT_3D('NONE', #1578, #1579, #1580);
#1582 = CONICAL_SURFACE('NONE', #1581, 0.002133333333333334, 0.7853981633974468);
#1583 = CARTESIAN_POINT('NONE', (0, -0.016999499999999997, -0.15000000000000002));
#1584 = DIRECTION('NONE', (-0, -1, 0));
#1585 = DIRECTION('NONE', (-1, 0, 0.000000000000017763568394002505));
#1586 = AXIS2_PLACEMENT_3D('NONE', #1583, #1584, #1585);
#1587 = CYLINDRICAL_SURFACE('NONE', #1586, 0.0016);
#1588 = CARTESIAN_POINT('NONE', (0, 0.05315127018922194, 0.0424951905283833));
#1589 = DIRECTION('NONE', (0, 0, 1));
#1590 = DIRECTION('NONE', (1, -0.00000000000000043816802038539518, -0));
#1591 = AXIS2_PLACEMENT_3D('NONE', #1588, #1589, #1590);
#1592 = CYLINDRICAL_SURFACE('NONE', #1591, 0.016216216216216214);
#1593 = CARTESIAN_POINT('NONE', (0.000000000000000007105427357601002, 0.053151270189221916, 0.0424951905283833));
#1594 = DIRECTION('NONE', (-0, 0, -1));
#1595 = DIRECTION('NONE', (1, 0.000000000000007105427357601027, -0));
#1596 = AXIS2_PLACEMENT_3D('NONE', #1593, #1594, #1595);
#1597 = CYLINDRICAL_SURFACE('NONE', #1596, 0.001999999999999993);
#1598 = CARTESIAN_POINT('NONE', (0, 0, 0.0374951905283833));
#1599 = DIRECTION('NONE', (0, 0, 1));
#1600 = AXIS2_PLACEMENT_3D('NONE', #1598, #1599, $);
#1601 = PLANE('NONE', #1600);
#1602 = CARTESIAN_POINT('NONE', (0, 0, 0.047495190528383295));
#1603 = DIRECTION('NONE', (0, 0, 1));
#1604 = AXIS2_PLACEMENT_3D('NONE', #1602, #1603, $);
#1605 = PLANE('NONE', #1604);
#1606 = CARTESIAN_POINT('NONE', (0, 0.05315127018922193, 0.04649519052838328));
#1607 = DIRECTION('NONE', (0, 0, 1));
#1608 = DIRECTION('NONE', (1, 0, -0));
#1609 = AXIS2_PLACEMENT_3D('NONE', #1606, #1607, #1608);
#1610 = TOROIDAL_SURFACE('NONE', #1609, 0.015216216216216206, 0.001000000000000009);
#1611 = CARTESIAN_POINT('NONE', (0.000000000000000005024295867788085, 0.05315127018922194, 0.038495190528383294));
#1612 = DIRECTION('NONE', (0, 0, -1));
#1613 = DIRECTION('NONE', (1, -0.0000000000000004462276723746648, -0));
#1614 = AXIS2_PLACEMENT_3D('NONE', #1611, #1612, #1613);
#1615 = TOROIDAL_SURFACE('NONE', #1614, 0.01521621621621622, 0.001);
#1616 = CARTESIAN_POINT('NONE', (-0, 0.05315127018922194, 0.028495190528383296));
#1617 = DIRECTION('NONE', (0, 0, 1));
#1618 = DIRECTION('NONE', (1, -0.0000000000000004500103993147301, -0));
#1619 = AXIS2_PLACEMENT_3D('NONE', #1616, #1617, #1618);
#1620 = CYLINDRICAL_SURFACE('NONE', #1619, 0.015789473684210527);
#1621 = CARTESIAN_POINT('NONE', (0, 0, 0.020995190528383296));
#1622 = DIRECTION('NONE', (0, 0, 1));
#1623 = AXIS2_PLACEMENT_3D('NONE', #1621, #1622, $);
#1624 = PLANE('NONE', #1623);
#1625 = CARTESIAN_POINT('NONE', (0, 0, 0.0359951905283833));
#1626 = DIRECTION('NONE', (0, 0, 1));
#1627 = AXIS2_PLACEMENT_3D('NONE', #1625, #1626, $);
#1628 = PLANE('NONE', #1627);
#1629 = CARTESIAN_POINT('NONE', (-0, 0.05315127018922194, 0.05849519052838329));
#1630 = DIRECTION('NONE', (0, 0, 1));
#1631 = DIRECTION('NONE', (1, -0.000000000000003552713678800501, -0));
#1632 = AXIS2_PLACEMENT_3D('NONE', #1629, #1630, #1631);
#1633 = CYLINDRICAL_SURFACE('NONE', #1632, 0.002);
#1634 = CARTESIAN_POINT('NONE', (0, 0, 0.08099519052838329));
#1635 = DIRECTION('NONE', (0, 0, 1));
#1636 = AXIS2_PLACEMENT_3D('NONE', #1634, #1635, $);
#1637 = PLANE('NONE', #1636);
#1638 = CARTESIAN_POINT('NONE', (0, 0.05315127018922194, 0.08099519052838329));
#1639 = DIRECTION('NONE', (-0, 0, -1));
#1640 = DIRECTION('NONE', (1, -0.000000000000004263256414560601, -0));
#1641 = AXIS2_PLACEMENT_3D('NONE', #1638, #1639, #1640);
#1642 = CONICAL_SURFACE('NONE', #1641, 0.0013333333333333329, 0.7853981633974446);
#1643 = CARTESIAN_POINT('NONE', (-0, 0.05315127018922192, 0.05099469052838329));
#1644 = DIRECTION('NONE', (0, 0, 1));
#1645 = DIRECTION('NONE', (1, 0.000000000000007105427357601002, -0));
#1646 = AXIS2_PLACEMENT_3D('NONE', #1643, #1644, #1645);
#1647 = CYLINDRICAL_SURFACE('NONE', #1646, 0.001);
#1648 = CARTESIAN_POINT('NONE', (0, 0, -0.075));
#1649 = DIRECTION('NONE', (0, -1, 0));
#1650 = AXIS2_PLACEMENT_3D('NONE', #1648, #1649, $);
#1651 = PLANE('NONE', #1650);
#1652 = CARTESIAN_POINT('NONE', (-0, 0.013500000000000002, -0.0000000000000000013322676295501879));
#1653 = DIRECTION('NONE', (-1, 0, 0));
#1654 = DIRECTION('NONE', (0, -1, 0.0000000000000003613327038121279));
#1655 = AXIS2_PLACEMENT_3D('NONE', #1652, #1653, #1654);
#1656 = CYLINDRICAL_SURFACE('NONE', #1655, 0.0075000000000000015);
#1657 = CARTESIAN_POINT('NONE', (0, 0.03140063509461096, 0.018995190528383294));
#1658 = DIRECTION('NONE', (-0, 0.5000000000000002, -0.8660254037844386));
#1659 = AXIS2_PLACEMENT_3D('NONE', #1657, #1658, $);
#1660 = PLANE('NONE', #1659);
#1661 = CARTESIAN_POINT('NONE', (0, 0.01349999999999999, 0.000000000000000017319479184152442));
#1662 = DIRECTION('NONE', (1.0000000000000002, 0, 0));
#1663 = DIRECTION('NONE', (0, -0.5000000000000003, 0.8660254037844386));
#1664 = AXIS2_PLACEMENT_3D('NONE', #1661, #1662, #1663);
#1665 = CYLINDRICAL_SURFACE('NONE', #1664, 0.013499999999999988);
#1666 = CARTESIAN_POINT('NONE', (-0.015, 0, -0));
#1667 = DIRECTION('NONE', (1, 0, 0));
#1668 = AXIS2_PLACEMENT_3D('NONE', #1666, #1667, $);
#1669 = PLANE('NONE', #1668);
#1670 = CARTESIAN_POINT('NONE', (0.015, 0, -0));
#1671 = DIRECTION('NONE', (1, 0, 0));
#1672 = AXIS2_PLACEMENT_3D('NONE', #1670, #1671, $);
#1673 = PLANE('NONE', #1672);
#1674 = CARTESIAN_POINT('NONE', (0, 0.028400635094610962, 0.02419134295108993));
#1675 = DIRECTION('NONE', (0, -0.5000000000000002, 0.8660254037844386));
#1676 = AXIS2_PLACEMENT_3D('NONE', #1674, #1675, $);
#1677 = PLANE('NONE', #1676);
#1678 = CARTESIAN_POINT('NONE', (0, 0.006, -0.075));
#1679 = DIRECTION('NONE', (-0, 1, 0));
#1680 = AXIS2_PLACEMENT_3D('NONE', #1678, #1679, $);
#1681 = PLANE('NONE', #1680);
#1682 = CARTESIAN_POINT('NONE', (0.00000000000000002842170943040401, -0.015, -0.15));
#1683 = DIRECTION('NONE', (0, 1, 0));
#1684 = DIRECTION('NONE', (1, 0, -0));
#1685 = AXIS2_PLACEMENT_3D('NONE', #1682, #1683, #1684);
#1686 = CYLINDRICAL_SURFACE('NONE', #1685, 0.0157894736842105);
#1687 = CARTESIAN_POINT('NONE', (-0, 0.05315127018922194, 0.05));
#1688 = DIRECTION('NONE', (0, 0, 1));
#1689 = DIRECTION('NONE', (1, -0.0000000000000004500103993147301, -0));
#1690 = AXIS2_PLACEMENT_3D('NONE', #1687, #1688, #1689);
#1691 = CYLINDRICAL_SURFACE('NONE', #1690, 0.015789473684210527);
#1692 = ORIENTED_EDGE('NONE', *, *, #1465, .F.);
#1693 = ORIENTED_EDGE('NONE', *, *, #1468, .F.);
#1694 = EDGE_LOOP('NONE', (#1692));
#1695 = FACE_BOUND('NONE', #1694, .T.);
#1696 = EDGE_LOOP('NONE', (#1693));
#1697 = FACE_BOUND('NONE', #1696, .T.);
#1698 = ADVANCED_FACE('NONE', (#1695, #1697), #1532, .T.);
#1699 = ORIENTED_EDGE('NONE', *, *, #1462, .T.);
#1700 = ORIENTED_EDGE('NONE', *, *, #1464, .F.);
#1701 = EDGE_LOOP('NONE', (#1699));
#1702 = FACE_BOUND('NONE', #1701, .T.);
#1703 = EDGE_LOOP('NONE', (#1700));
#1704 = FACE_BOUND('NONE', #1703, .T.);
#1705 = ADVANCED_FACE('NONE', (#1702, #1704), #1537, .F.);
#1706 = ORIENTED_EDGE('NONE', *, *, #1467, .F.);
#1707 = ORIENTED_EDGE('NONE', *, *, #1462, .F.);
#1708 = EDGE_LOOP('NONE', (#1706));
#1709 = FACE_BOUND('NONE', #1708, .T.);
#1710 = EDGE_LOOP('NONE', (#1707));
#1711 = FACE_BOUND('NONE', #1710, .T.);
#1712 = ADVANCED_FACE('NONE', (#1709, #1711), #1541, .F.);
#1713 = ORIENTED_EDGE('NONE', *, *, #1470, .F.);
#1714 = ORIENTED_EDGE('NONE', *, *, #1464, .T.);
#1715 = EDGE_LOOP('NONE', (#1713));
#1716 = FACE_BOUND('NONE', #1715, .T.);
#1717 = EDGE_LOOP('NONE', (#1714));
#1718 = FACE_BOUND('NONE', #1717, .T.);
#1719 = ADVANCED_FACE('NONE', (#1716, #1718), #1545, .T.);
#1720 = ORIENTED_EDGE('NONE', *, *, #1465, .T.);
#1721 = ORIENTED_EDGE('NONE', *, *, #1467, .T.);
#1722 = EDGE_LOOP('NONE', (#1720));
#1723 = FACE_BOUND('NONE', #1722, .T.);
#1724 = EDGE_LOOP('NONE', (#1721));
#1725 = FACE_BOUND('NONE', #1724, .T.);
#1726 = ADVANCED_FACE('NONE', (#1723, #1725), #1550, .T.);
#1727 = ORIENTED_EDGE('NONE', *, *, #1468, .T.);
#1728 = ORIENTED_EDGE('NONE', *, *, #1470, .T.);
#1729 = EDGE_LOOP('NONE', (#1727));
#1730 = FACE_BOUND('NONE', #1729, .T.);
#1731 = EDGE_LOOP('NONE', (#1728));
#1732 = FACE_BOUND('NONE', #1731, .T.);
#1733 = ADVANCED_FACE('NONE', (#1730, #1732), #1555, .T.);
#1734 = ORIENTED_EDGE('NONE', *, *, #1472, .T.);
#1735 = ORIENTED_EDGE('NONE', *, *, #1474, .F.);
#1736 = EDGE_LOOP('NONE', (#1734));
#1737 = FACE_BOUND('NONE', #1736, .T.);
#1738 = EDGE_LOOP('NONE', (#1735));
#1739 = FACE_BOUND('NONE', #1738, .T.);
#1740 = ADVANCED_FACE('NONE', (#1737, #1739), #1560, .T.);
#1741 = ORIENTED_EDGE('NONE', *, *, #1472, .F.);
#1742 = ORIENTED_EDGE('NONE', *, *, #1475, .F.);
#1743 = EDGE_LOOP('NONE', (#1741));
#1744 = FACE_BOUND('NONE', #1743, .T.);
#1745 = EDGE_LOOP('NONE', (#1742));
#1746 = FACE_BOUND('NONE', #1745, .T.);
#1747 = ADVANCED_FACE('NONE', (#1744, #1746), #1564, .F.);
#1748 = ORIENTED_EDGE('NONE', *, *, #1474, .T.);
#1749 = ORIENTED_EDGE('NONE', *, *, #1480, .T.);
#1750 = EDGE_LOOP('NONE', (#1748));
#1751 = FACE_BOUND('NONE', #1750, .T.);
#1752 = EDGE_LOOP('NONE', (#1749));
#1753 = FACE_BOUND('NONE', #1752, .T.);
#1754 = ADVANCED_FACE('NONE', (#1751, #1753), #1568, .T.);
#1755 = ORIENTED_EDGE('NONE', *, *, #1475, .T.);
#1756 = ORIENTED_EDGE('NONE', *, *, #1476, .F.);
#1757 = EDGE_LOOP('NONE', (#1755));
#1758 = FACE_BOUND('NONE', #1757, .T.);
#1759 = EDGE_LOOP('NONE', (#1756));
#1760 = FACE_BOUND('NONE', #1759, .T.);
#1761 = ADVANCED_FACE('NONE', (#1758, #1760), #1573, .T.);
#1762 = ORIENTED_EDGE('NONE', *, *, #1478, .F.);
#1763 = ORIENTED_EDGE('NONE', *, *, #1482, .F.);
#1764 = EDGE_LOOP('NONE', (#1762));
#1765 = FACE_BOUND('NONE', #1764, .T.);
#1766 = EDGE_LOOP('NONE', (#1763));
#1767 = FACE_BOUND('NONE', #1766, .T.);
#1768 = ADVANCED_FACE('NONE', (#1765, #1767), #1577, .T.);
#1769 = ORIENTED_EDGE('NONE', *, *, #1476, .T.);
#1770 = ORIENTED_EDGE('NONE', *, *, #1478, .T.);
#1771 = EDGE_LOOP('NONE', (#1769));
#1772 = FACE_BOUND('NONE', #1771, .T.);
#1773 = EDGE_LOOP('NONE', (#1770));
#1774 = FACE_BOUND('NONE', #1773, .T.);
#1775 = ADVANCED_FACE('NONE', (#1772, #1774), #1582, .T.);
#1776 = ORIENTED_EDGE('NONE', *, *, #1480, .F.);
#1777 = ORIENTED_EDGE('NONE', *, *, #1482, .T.);
#1778 = EDGE_LOOP('NONE', (#1776));
#1779 = FACE_BOUND('NONE', #1778, .T.);
#1780 = EDGE_LOOP('NONE', (#1777));
#1781 = FACE_BOUND('NONE', #1780, .T.);
#1782 = ADVANCED_FACE('NONE', (#1779, #1781), #1587, .F.);
#1783 = ORIENTED_EDGE('NONE', *, *, #1489, .F.);
#1784 = ORIENTED_EDGE('NONE', *, *, #1486, .F.);
#1785 = EDGE_LOOP('NONE', (#1783));
#1786 = FACE_BOUND('NONE', #1785, .T.);
#1787 = EDGE_LOOP('NONE', (#1784));
#1788 = FACE_BOUND('NONE', #1787, .T.);
#1789 = ADVANCED_FACE('NONE', (#1786, #1788), #1592, .T.);
#1790 = ORIENTED_EDGE('NONE', *, *, #1483, .T.);
#1791 = ORIENTED_EDGE('NONE', *, *, #1485, .F.);
#1792 = EDGE_LOOP('NONE', (#1790));
#1793 = FACE_BOUND('NONE', #1792, .T.);
#1794 = EDGE_LOOP('NONE', (#1791));
#1795 = FACE_BOUND('NONE', #1794, .T.);
#1796 = ADVANCED_FACE('NONE', (#1793, #1795), #1597, .F.);
#1797 = ORIENTED_EDGE('NONE', *, *, #1491, .F.);
#1798 = ORIENTED_EDGE('NONE', *, *, #1483, .F.);
#1799 = EDGE_LOOP('NONE', (#1797));
#1800 = FACE_BOUND('NONE', #1799, .T.);
#1801 = EDGE_LOOP('NONE', (#1798));
#1802 = FACE_BOUND('NONE', #1801, .T.);
#1803 = ADVANCED_FACE('NONE', (#1800, #1802), #1601, .F.);
#1804 = ORIENTED_EDGE('NONE', *, *, #1488, .F.);
#1805 = ORIENTED_EDGE('NONE', *, *, #1485, .T.);
#1806 = EDGE_LOOP('NONE', (#1804));
#1807 = FACE_BOUND('NONE', #1806, .T.);
#1808 = EDGE_LOOP('NONE', (#1805));
#1809 = FACE_BOUND('NONE', #1808, .T.);
#1810 = ADVANCED_FACE('NONE', (#1807, #1809), #1605, .T.);
#1811 = ORIENTED_EDGE('NONE', *, *, #1486, .T.);
#1812 = ORIENTED_EDGE('NONE', *, *, #1488, .T.);
#1813 = EDGE_LOOP('NONE', (#1811));
#1814 = FACE_BOUND('NONE', #1813, .T.);
#1815 = EDGE_LOOP('NONE', (#1812));
#1816 = FACE_BOUND('NONE', #1815, .T.);
#1817 = ADVANCED_FACE('NONE', (#1814, #1816), #1610, .T.);
#1818 = ORIENTED_EDGE('NONE', *, *, #1489, .T.);
#1819 = ORIENTED_EDGE('NONE', *, *, #1491, .T.);
#1820 = EDGE_LOOP('NONE', (#1818));
#1821 = FACE_BOUND('NONE', #1820, .T.);
#1822 = EDGE_LOOP('NONE', (#1819));
#1823 = FACE_BOUND('NONE', #1822, .T.);
#1824 = ADVANCED_FACE('NONE', (#1821, #1823), #1615, .T.);
#1825 = ORIENTED_EDGE('NONE', *, *, #1493, .T.);
#1826 = ORIENTED_EDGE('NONE', *, *, #1495, .F.);
#1827 = EDGE_LOOP('NONE', (#1825));
#1828 = FACE_BOUND('NONE', #1827, .T.);
#1829 = EDGE_LOOP('NONE', (#1826));
#1830 = FACE_BOUND('NONE', #1829, .T.);
#1831 = ADVANCED_FACE('NONE', (#1828, #1830), #1620, .T.);
#1832 = ORIENTED_EDGE('NONE', *, *, #1493, .F.);
#1833 = ORIENTED_EDGE('NONE', *, *, #1501, .T.);
#1834 = EDGE_LOOP('NONE', (#1832));
#1835 = FACE_BOUND('NONE', #1834, .T.);
#1836 = EDGE_LOOP('NONE', (#1833));
#1837 = FACE_BOUND('NONE', #1836, .T.);
#1838 = ADVANCED_FACE('NONE', (#1835, #1837), #1624, .F.);
#1839 = ORIENTED_EDGE('NONE', *, *, #1495, .T.);
#1840 = ORIENTED_EDGE('NONE', *, *, #1496, .F.);
#1841 = EDGE_LOOP('NONE', (#1839));
#1842 = FACE_BOUND('NONE', #1841, .T.);
#1843 = EDGE_LOOP('NONE', (#1840));
#1844 = FACE_BOUND('NONE', #1843, .T.);
#1845 = ADVANCED_FACE('NONE', (#1842, #1844), #1628, .T.);
#1846 = ORIENTED_EDGE('NONE', *, *, #1496, .T.);
#1847 = ORIENTED_EDGE('NONE', *, *, #1497, .F.);
#1848 = EDGE_LOOP('NONE', (#1846));
#1849 = FACE_BOUND('NONE', #1848, .T.);
#1850 = EDGE_LOOP('NONE', (#1847));
#1851 = FACE_BOUND('NONE', #1850, .T.);
#1852 = ADVANCED_FACE('NONE', (#1849, #1851), #1633, .T.);
#1853 = ORIENTED_EDGE('NONE', *, *, #1499, .F.);
#1854 = ORIENTED_EDGE('NONE', *, *, #1503, .F.);
#1855 = EDGE_LOOP('NONE', (#1853));
#1856 = FACE_BOUND('NONE', #1855, .T.);
#1857 = EDGE_LOOP('NONE', (#1854));
#1858 = FACE_BOUND('NONE', #1857, .T.);
#1859 = ADVANCED_FACE('NONE', (#1856, #1858), #1637, .T.);
#1860 = ORIENTED_EDGE('NONE', *, *, #1497, .T.);
#1861 = ORIENTED_EDGE('NONE', *, *, #1499, .T.);
#1862 = EDGE_LOOP('NONE', (#1860));
#1863 = FACE_BOUND('NONE', #1862, .T.);
#1864 = EDGE_LOOP('NONE', (#1861));
#1865 = FACE_BOUND('NONE', #1864, .T.);
#1866 = ADVANCED_FACE('NONE', (#1863, #1865), #1642, .T.);
#1867 = ORIENTED_EDGE('NONE', *, *, #1501, .F.);
#1868 = ORIENTED_EDGE('NONE', *, *, #1503, .T.);
#1869 = EDGE_LOOP('NONE', (#1867));
#1870 = FACE_BOUND('NONE', #1869, .T.);
#1871 = EDGE_LOOP('NONE', (#1868));
#1872 = FACE_BOUND('NONE', #1871, .T.);
#1873 = ADVANCED_FACE('NONE', (#1870, #1872), #1647, .F.);
#1874 = ORIENTED_EDGE('NONE', *, *, #1516, .T.);
#1875 = ORIENTED_EDGE('NONE', *, *, #1505, .F.);
#1876 = ORIENTED_EDGE('NONE', *, *, #1506, .F.);
#1877 = ORIENTED_EDGE('NONE', *, *, #1504, .T.);
#1878 = EDGE_LOOP('NONE', (#1874, #1875, #1876, #1877));
#1879 = FACE_BOUND('NONE', #1878, .T.);
#1880 = ADVANCED_FACE('NONE', (#1879), #1651, .T.);
#1881 = ORIENTED_EDGE('NONE', *, *, #1508, .T.);
#1882 = ORIENTED_EDGE('NONE', *, *, #1509, .T.);
#1883 = ORIENTED_EDGE('NONE', *, *, #1510, .F.);
#1884 = ORIENTED_EDGE('NONE', *, *, #1507, .F.);
#1885 = EDGE_LOOP('NONE', (#1881, #1882, #1883, #1884));
#1886 = FACE_BOUND('NONE', #1885, .T.);
#1887 = ADVANCED_FACE('NONE', (#1886), #1656, .F.);
#1888 = ORIENTED_EDGE('NONE', *, *, #1518, .T.);
#1889 = ORIENTED_EDGE('NONE', *, *, #1512, .F.);
#1890 = ORIENTED_EDGE('NONE', *, *, #1509, .F.);
#1891 = ORIENTED_EDGE('NONE', *, *, #1511, .T.);
#1892 = EDGE_LOOP('NONE', (#1888, #1889, #1890, #1891));
#1893 = FACE_BOUND('NONE', #1892, .T.);
#1894 = ADVANCED_FACE('NONE', (#1893), #1660, .T.);
#1895 = ORIENTED_EDGE('NONE', *, *, #1514, .T.);
#1896 = ORIENTED_EDGE('NONE', *, *, #1506, .T.);
#1897 = ORIENTED_EDGE('NONE', *, *, #1515, .F.);
#1898 = ORIENTED_EDGE('NONE', *, *, #1513, .F.);
#1899 = EDGE_LOOP('NONE', (#1895, #1896, #1897, #1898));
#1900 = FACE_BOUND('NONE', #1899, .T.);
#1901 = ADVANCED_FACE('NONE', (#1900), #1665, .T.);
#1902 = ORIENTED_EDGE('NONE', *, *, #1504, .F.);
#1903 = ORIENTED_EDGE('NONE', *, *, #1514, .F.);
#1904 = ORIENTED_EDGE('NONE', *, *, #1525, .F.);
#1905 = ORIENTED_EDGE('NONE', *, *, #1520, .T.);
#1906 = ORIENTED_EDGE('NONE', *, *, #1511, .F.);
#1907 = ORIENTED_EDGE('NONE', *, *, #1508, .F.);
#1908 = ORIENTED_EDGE('NONE', *, *, #1527, .F.);
#1909 = ORIENTED_EDGE('NONE', *, *, #1521, .F.);
#1910 = EDGE_LOOP('NONE', (#1902, #1903, #1904, #1905, #1906, #1907, #1908, #1909));
#1911 = FACE_BOUND('NONE', #1910, .T.);
#1912 = ADVANCED_FACE('NONE', (#1911), #1669, .F.);
#1913 = ORIENTED_EDGE('NONE', *, *, #1523, .T.);
#1914 = ORIENTED_EDGE('NONE', *, *, #1526, .T.);
#1915 = ORIENTED_EDGE('NONE', *, *, #1510, .T.);
#1916 = ORIENTED_EDGE('NONE', *, *, #1512, .T.);
#1917 = ORIENTED_EDGE('NONE', *, *, #1522, .F.);
#1918 = ORIENTED_EDGE('NONE', *, *, #1524, .T.);
#1919 = ORIENTED_EDGE('NONE', *, *, #1515, .T.);
#1920 = ORIENTED_EDGE('NONE', *, *, #1505, .T.);
#1921 = EDGE_LOOP('NONE', (#1913, #1914, #1915, #1916, #1917, #1918, #1919, #1920));
#1922 = FACE_BOUND('NONE', #1921, .T.);
#1923 = ADVANCED_FACE('NONE', (#1922), #1673, .T.);
#1924 = ORIENTED_EDGE('NONE', *, *, #1525, .T.);
#1925 = ORIENTED_EDGE('NONE', *, *, #1513, .T.);
#1926 = ORIENTED_EDGE('NONE', *, *, #1524, .F.);
#1927 = ORIENTED_EDGE('NONE', *, *, #1519, .F.);
#1928 = EDGE_LOOP('NONE', (#1924, #1925, #1926, #1927));
#1929 = FACE_BOUND('NONE', #1928, .T.);
#1930 = ADVANCED_FACE('NONE', (#1929), #1677, .T.);
#1931 = ORIENTED_EDGE('NONE', *, *, #1527, .T.);
#1932 = ORIENTED_EDGE('NONE', *, *, #1507, .T.);
#1933 = ORIENTED_EDGE('NONE', *, *, #1526, .F.);
#1934 = ORIENTED_EDGE('NONE', *, *, #1517, .F.);
#1935 = EDGE_LOOP('NONE', (#1931, #1932, #1933, #1934));
#1936 = FACE_BOUND('NONE', #1935, .T.);
#1937 = ADVANCED_FACE('NONE', (#1936), #1681, .T.);
#1938 = ORIENTED_EDGE('NONE', *, *, #1516, .F.);
#1939 = ORIENTED_EDGE('NONE', *, *, #1521, .T.);
#1940 = ORIENTED_EDGE('NONE', *, *, #1517, .T.);
#1941 = ORIENTED_EDGE('NONE', *, *, #1523, .F.);
#1942 = EDGE_LOOP('NONE', (#1938, #1939, #1940, #1941));
#1943 = FACE_BOUND('NONE', #1942, .T.);
#1944 = ADVANCED_FACE('NONE', (#1943), #1686, .F.);
#1945 = ORIENTED_EDGE('NONE', *, *, #1522, .T.);
#1946 = ORIENTED_EDGE('NONE', *, *, #1518, .F.);
#1947 = ORIENTED_EDGE('NONE', *, *, #1520, .F.);
#1948 = ORIENTED_EDGE('NONE', *, *, #1519, .T.);
#1949 = EDGE_LOOP('NONE', (#1945, #1946, #1947, #1948));
#1950 = FACE_BOUND('NONE', #1949, .T.);
#1951 = ADVANCED_FACE('NONE', (#1950), #1691, .F.);
#1952 = CLOSED_SHELL('NONE', (#1698, #1705, #1712, #1719, #1726, #1733));
#1953 = CLOSED_SHELL('NONE', (#1740, #1747, #1754, #1761, #1768, #1775, #1782));
#1954 = CLOSED_SHELL('NONE', (#1789, #1796, #1803, #1810, #1817, #1824));
#1955 = CLOSED_SHELL('NONE', (#1831, #1838, #1845, #1852, #1859, #1866, #1873));
#1956 = CLOSED_SHELL('NONE', (#1880, #1887, #1894, #1901, #1912, #1923, #1930, #1937, #1944, #1951));
#1957 = MANIFOLD_SOLID_BREP('NONE', #1952);
#1958 = MANIFOLD_SOLID_BREP('NONE', #1953);
#1959 = MANIFOLD_SOLID_BREP('NONE', #1954);
#1960 = MANIFOLD_SOLID_BREP('NONE', #1955);
#1961 = MANIFOLD_SOLID_BREP('NONE', #1956);
#1962 = APPLICATION_CONTEXT('configuration controlled 3D design of mechanical parts and assemblies');
#1963 = PRODUCT_DEFINITION_CONTEXT('part definition', #1962, 'design');
#1964 = PRODUCT('UNIDENTIFIED_PRODUCT', 'NONE', $, ());
#1965 = PRODUCT_DEFINITION_FORMATION('', $, #1964);
#1966 = PRODUCT_DEFINITION('design', $, #1965, #1963);
#1967 = PRODUCT_DEFINITION_SHAPE('NONE', $, #1966);
#1968 = ADVANCED_BREP_SHAPE_REPRESENTATION('NONE', (#1961), #4);
#1969 = SHAPE_DEFINITION_REPRESENTATION(#1967, #1968);
#1970 = COLOUR_RGB('NONE', 0.8999999761581421, 0.8999999761581421, 0.8999999761581421);
#1971 = FILL_AREA_STYLE_COLOUR('NONE', #1970);
#1972 = FILL_AREA_STYLE('NONE', (#1971));
#1973 = SURFACE_STYLE_FILL_AREA(#1972);
#1974 = SURFACE_SIDE_STYLE('NONE', (#1973));
#1975 = SURFACE_STYLE_USAGE(.BOTH., #1974);
#1976 = PRESENTATION_STYLE_ASSIGNMENT((#1975));
#1977 = STYLED_ITEM('NONE', (#1976), #1961);
#1978 = MECHANICAL_DESIGN_GEOMETRIC_PRESENTATION_REPRESENTATION('NONE', (#1977), #4);
#1979 = PRODUCT('UNIDENTIFIED_PRODUCT', 'NONE', $, ());
#1980 = PRODUCT_DEFINITION_FORMATION('', $, #1979);
#1981 = PRODUCT_DEFINITION('design', $, #1980, #1963);
#1982 = PRODUCT_DEFINITION_SHAPE('NONE', $, #1981);
#1983 = ADVANCED_BREP_SHAPE_REPRESENTATION('NONE', (#1960), #4);
#1984 = SHAPE_DEFINITION_REPRESENTATION(#1982, #1983);
#1985 = COLOUR_RGB('NONE', 0.8999999761581421, 0.8999999761581421, 0.8999999761581421);
#1986 = FILL_AREA_STYLE_COLOUR('NONE', #1985);
#1987 = FILL_AREA_STYLE('NONE', (#1986));
#1988 = SURFACE_STYLE_FILL_AREA(#1987);
#1989 = SURFACE_SIDE_STYLE('NONE', (#1988));
#1990 = SURFACE_STYLE_USAGE(.BOTH., #1989);
#1991 = PRESENTATION_STYLE_ASSIGNMENT((#1990));
#1992 = STYLED_ITEM('NONE', (#1991), #1960);
#1993 = MECHANICAL_DESIGN_GEOMETRIC_PRESENTATION_REPRESENTATION('NONE', (#1992), #4);
#1994 = PRODUCT('UNIDENTIFIED_PRODUCT', 'NONE', $, ());
#1995 = PRODUCT_DEFINITION_FORMATION('', $, #1994);
#1996 = PRODUCT_DEFINITION('design', $, #1995, #1963);
#1997 = PRODUCT_DEFINITION_SHAPE('NONE', $, #1996);
#1998 = ADVANCED_BREP_SHAPE_REPRESENTATION('NONE', (#1959), #4);
#1999 = SHAPE_DEFINITION_REPRESENTATION(#1997, #1998);
#2000 = COLOUR_RGB('NONE', 0.686274528503418, 0.48235294222831726, 0.13725490868091583);
#2001 = FILL_AREA_STYLE_COLOUR('NONE', #2000);
#2002 = FILL_AREA_STYLE('NONE', (#2001));
#2003 = SURFACE_STYLE_FILL_AREA(#2002);
#2004 = SURFACE_SIDE_STYLE('NONE', (#2003));
#2005 = SURFACE_STYLE_USAGE(.BOTH., #2004);
#2006 = PRESENTATION_STYLE_ASSIGNMENT((#2005));
#2007 = STYLED_ITEM('NONE', (#2006), #1959);
#2008 = MECHANICAL_DESIGN_GEOMETRIC_PRESENTATION_REPRESENTATION('NONE', (#2007), #4);
#2009 = PRODUCT('UNIDENTIFIED_PRODUCT', 'NONE', $, ());
#2010 = PRODUCT_DEFINITION_FORMATION('', $, #2009);
#2011 = PRODUCT_DEFINITION('design', $, #2010, #1963);
#2012 = PRODUCT_DEFINITION_SHAPE('NONE', $, #2011);
#2013 = ADVANCED_BREP_SHAPE_REPRESENTATION('NONE', (#1958), #4);
#2014 = SHAPE_DEFINITION_REPRESENTATION(#2012, #2013);
#2015 = COLOUR_RGB('NONE', 0.8999999761581421, 0.8999999761581421, 0.8999999761581421);
#2016 = FILL_AREA_STYLE_COLOUR('NONE', #2015);
#2017 = FILL_AREA_STYLE('NONE', (#2016));
#2018 = SURFACE_STYLE_FILL_AREA(#2017);
#2019 = SURFACE_SIDE_STYLE('NONE', (#2018));
#2020 = SURFACE_STYLE_USAGE(.BOTH., #2019);
#2021 = PRESENTATION_STYLE_ASSIGNMENT((#2020));
#2022 = STYLED_ITEM('NONE', (#2021), #1958);
#2023 = MECHANICAL_DESIGN_GEOMETRIC_PRESENTATION_REPRESENTATION('NONE', (#2022), #4);
#2024 = PRODUCT('UNIDENTIFIED_PRODUCT', 'NONE', $, ());
#2025 = PRODUCT_DEFINITION_FORMATION('', $, #2024);
#2026 = PRODUCT_DEFINITION('design', $, #2025, #1963);
#2027 = PRODUCT_DEFINITION_SHAPE('NONE', $, #2026);
#2028 = ADVANCED_BREP_SHAPE_REPRESENTATION('NONE', (#1957), #4);
#2029 = SHAPE_DEFINITION_REPRESENTATION(#2027, #2028);
#2030 = COLOUR_RGB('NONE', 0.13725490868091583, 0.686274528503418, 0.5764706134796143);
#2031 = FILL_AREA_STYLE_COLOUR('NONE', #2030);
#2032 = FILL_AREA_STYLE('NONE', (#2031));
#2033 = SURFACE_STYLE_FILL_AREA(#2032);
#2034 = SURFACE_SIDE_STYLE('NONE', (#2033));
#2035 = SURFACE_STYLE_USAGE(.BOTH., #2034);
#2036 = PRESENTATION_STYLE_ASSIGNMENT((#2035));
#2037 = STYLED_ITEM('NONE', (#2036), #1957);
#2038 = MECHANICAL_DESIGN_GEOMETRIC_PRESENTATION_REPRESENTATION('NONE', (#2037), #4);
ENDSEC;
END-ISO-10303-21;
